line_number,msg,id_solicitante,expediente,dependencia,fecha,tema,categoria_tema,dependencia_ministerio,ministerio,vencimiento_1,vencimiento_2,prorroga,estado,termino,fecha_respuesta
20,"Expected 14 columns, found 15 columns",1,640519,MGEYA,2013-02-25,DETALLE MONTOS SANCIONADOS, VIGENTES Y DEVENGADOS DESTINADOS A LOS SERVICIOS DE ESPACIOS VERDES EN CABA 2004 AL 2013,Presupuesto,DGTAL,Ambiente y Espacio Público,2013-03-11,,,Finalizado fuera de término,Fuera de término,2013-03-25
21,"Expected 14 columns, found 15 columns",1,640852,MGEYA,2013-02-25,DETALLE MONTOS SANCIONADOS, VIGENTES Y DEVENGADOS A GASTOS EN LAS VILLAS DE CABA DEL 2004 AL 2013,Presupuesto,DGTAL,Desarrollo Económico,2013-03-11,,,Finalizado fuera de término,Fuera de término,2013-03-15
22,"Expected 14 columns, found 15 columns",1,641111,MGEYA,2013-02-25,DETALLE MONTOS SANCIONADOS, VIGENTES Y DEVENGADOS A LOS SERVICIOS DE HIGIENE URBANA EN CABA DEL 2004 AL 2013,Presupuesto,SS Higiene Urbana,Ambiente y Espacio Público,2013-03-11,,,Finalizado fuera de término,Fuera de término,2013-03-25
23,"Expected 14 columns, found 15 columns",1,641368,MGEYA,2013-02-25,DETALLE MONTOS SANCIONADOS, VIGENTES Y DEVENGADOS A LOS SERVICIOS DE ELECTRICIDAD EN CABA DEL 2004 AL 2013,Presupuesto,DGTAL,Ambiente y Espacio Público,2013-03-11,,,Finalizado fuera de término,Fuera de término,2013-03-25
24,"Expected 14 columns, found 15 columns",1,641533,MGEYA,2013-02-25,DETALLE MONTOS SANCIONADOS, VIGENTES Y DEVENGADOS DESTINADOS A LOS SERVICIOS DE AGUA Y SANEAMIENTO EN CABA 2004 AL 2013,Presupuesto,DGTAL,Hacienda,2013-03-11,,,Finalizado fuera de término,Fuera de término,2013-07-05
27,"Expected 14 columns, found 16 columns",1,853348,MGEYA,2013-03-13,PROGRAMA DE PROMOTORES DE EDUCACION, CREDITOS SANCIONADOS DEVENGADOS AÑOS 2008 A 2013, DESARROLLO DEL PROGRAMA,Informes,DGCLEI,Educación,2013-03-27,2013-04-16,Si,Finalizado fuera de término,Fuera de término,2013-07-31
31,"Expected 14 columns, found 16 columns",1,776611,MGEYA,2013-06-08,ACTAS, VERSIONES TAQUIGRÁFICAS, DE REUNIONES DE COMISION DE EDUCACION CIENCIA Y TECNOLOGÍA AÑOS 2011 Y 2012.,Informes,DGSOCAI,Jefatura de Gabinete de Ministros,2013-03-22,,,Finalizado en término,En término,2013-03-18
33,"Expected 14 columns, found 16 columns",3,1278492,MGEYA,2013-04-17,VISTA Y COPIA DEL PLAN DE TRABAJOS DE RENOVACION DE VEREDAS, PREVISTO Y/O EN EJECUCION, SOBRE LA CALLE FLORIDA Y PERU,Obras públicas,DGTAL,Ambiente y Espacio Público,2013-05-02,,,Finalizado fuera de término,Fuera de término,2013-05-14
36,"Expected 14 columns, found 17 columns",5,793879,MGEYA,2013-03-08,CANTIDAD DE UNIDADES DE PENALIZACION POR INCUMPLIMIENTOS, QUE SE APLICARON AL CONCESIONARIO DE METROVIAS SA, EN LOS ULTIMOS 5 AÑOS, POR PARTE DE CNRT Y/ ENTE,Informes,Ente Unico Regulador de los Servicios Publicos,Ente Único Regulador de los SSPP,2013-03-22,,,Pendiente fuera de término,,
37,"Expected 14 columns, found 15 columns",6,3256402,MGEYA,2013-07-24,REFERENTE A PUESTO DE FLORES, UBICADO EN AV. ASAMBLEA  113,Habilitaciones,DGOEP,Ambiente y Espacio Público,2013-08-07,,,Finalizado en término,En término,2013-08-07
38,"Expected 14 columns, found 16 columns",7,1813078,MGEYA,2013-05-17,PRESUPUESTO ANUAL DE CABA, PRESUPUESTO ANUAL QUE SE LE BRINDA AL SISTEMA DE SALUD PUBLICA, PRESUPUESTO QUE RECIBE CADA HOSPITAL DE CABA,Presupuesto,DGLYT,Salud,2013-05-31,,,Finalizado en término,En término,2013-05-30
39,"Expected 14 columns, found 15 columns",8,709371,MGEYA,2013-03-01,GERIATRICOS SITO CALLE AV. DIRECTORIO  2363 Y COCHABAMBA 3385, SI SE ENCUENTRAN A NOMBRE DE LUIS CARLOS GUILLERMO SATURNO LAMAS,Habilitaciones,DGHYP,AGC,2013-03-15,,,Finalizado fuera de término,Fuera de término,2013-03-22
43,"Expected 14 columns, found 16 columns",11,3562483,MGEYA,2013-08-07,LISTADO DE ORGANIZACIONES REGISTRADAS EN EL REGISTRO DE ORGANIZACIONES DE MUJERES QUE INCLUYA: NOMBRE DE LA ORGANIZACIÓN, DESCRIPCION DEL RUBRO O ACTIVIDAD A LA QUE SE DEDICA, DIRECCION Y TELEFONO DE CONTACTO,Informes,DGTAL,Desarrollo Social,2013-08-22,,,Finalizado fuera de término,Fuera de término,2013-08-29
45,"Expected 14 columns, found 15 columns",12,2200037,MGEYA,2013-06-04,SI EN LOS EFECTORES DE LA RED DE SALUD MENTAL DE LA CIUDAD FUNCIONAN ACTUALMENTE OTROS TALLERES ARTISTICOS DE CARACTERISTICAS SIMILARES A LOS DEL FRENTE DE ARTISTAS DEL BORDA, CON COORDINADORES EXTERNOS AL SISTEMA PUBLICO DE SALUD,Políticas públicas,DGLYT,Salud,2013-06-18,,,Finalizado fuera de término,Fuera de término,2013-07-12
46,"Expected 14 columns, found 17 columns",12,3261265,MGEYA,2013-07-24,OBRAS A EJECUTAR DEL PLAN DE VIVIENDA CON AHORRO PREVIO EN LOS EJERCICIOS 2013 Y 2014, EN EL PREDIO UBICADO ENTRE LAS CALLES RAMON LISTA, VIRGILIO, JOSE PEDRO VARELA Y MOLIERE SEGÚN INFORMA EL PLAN PLURIANUAL DE INVERSION-PRESUPUESTO 2013,Obras públicas,IVC,Desarrollo Económico,2013-08-07,,,Finalizado en término,En término,2013-08-07
47,"Expected 14 columns, found 17 columns",13,1494741,MGEYA,2013-04-29,ASPECTOS VINCULADOS AL CONVENIO DE ASISTENCIA TECNICA Y COOPERACION INSTITUCIONAL (ADDENDA) SUSCRIPTO ENTRE EL IVC Y LA FUNDACIÓN MADRES DE PLAZA DE MAYO (CANT.VIVIENDAS CONSTRUIDAS, A CONSTRUIR, OCUPADAS, ETC),Información político-institucional,IVC,Desarrollo Económico,2013-05-14,,,Finalizado fuera de término,Fuera de término,2013-05-07
49,"Expected 14 columns, found 15 columns",14,774717,MGEYA,2013-03-07,DATOS VARIOS SOBRE PUENTE DE RECONQUISTA, SITO EN AV. JUAN B JUSTO,Obras públicas,DGTAL,Ambiente y Espacio Público,2013-03-21,,,Finalizado fuera de término,Fuera de término,2013-10-17
54,"Expected 14 columns, found 15 columns",16,2847344,MGEYA,2013-07-04,HABILITACION DE LOCAL DE DIARIO SITO EN ALICIA M. DE JUSTO 1400, YA QUE SE ENCUENTRA EN ESTADO DE ABANDONO,Habilitaciones,DGOEP,Ambiente y Espacio Público,2013-07-19,2013-08-02,Si,Finalizado en término,En término,2013-07-29
55,"Expected 14 columns, found 15 columns",16,3229673,MGEYA,2013-07-23,HABILITACION DE PUESTO DE DIARIOS SITO EN CALLE ALICIA M DE JUSTO 740, YA QUE SE ENCUENTRA HACE AÑOS EN ESTADO DE ABANDONO,Habilitaciones,DGOEP,Ambiente y Espacio Público,2013-08-06,,,Finalizado en término,En término,2013-08-06
56,"Expected 14 columns, found 15 columns",16,3229865,MGEYA,2013-07-23,HABILITACION DE PUESTO DE DIARIOS SITO EN CALLE ALICIA M DE JUSTO 310, YA QUE SE ENCUENTRA HACE AÑOS EN ESTADO DE ABANDONO,Habilitaciones,DGOEP,Ambiente y Espacio Público,2013-08-06,,,Finalizado en término,En término,2013-07-29
57,"Expected 14 columns, found 15 columns",16,3230047,MGEYA,2013-07-23,HABILITACION DE PUESTO DE DIARIOS SITO EN CALLE ALICIA M DE JUSTO 102, YA QUE SE ENCUENTRA HACE AÑOS EN ESTADO DE ABANDONO,Habilitaciones,DGOEP,Ambiente y Espacio Público,2013-08-06,,,Finalizado en término,En término,2013-07-29
58,"Expected 14 columns, found 15 columns",16,3255958,MGEYA,2013-07-24,MEDIDAS TOMADAS PARA EL LEVANTAMIENTO DE KIOSCO DE DIARIOS EN ESTADO DE ABANDONO UBICADO EN ALICIA M. DE JUSTO AL 1400, S/INFORME EXP. 2847344/13 ,Políticas públicas,DGOEP,Ambiente y Espacio Público,2013-08-07,,,Finalizado en término,En término,2013-08-06
60,"Expected 14 columns, found 16 columns",16,3530940,MGEYA,2013-08-06,REITERA POR FALTA DE INFORMACION, HABILITACION PUESTO ABANDONADO, BAJO EX. 3230047/2013. ,Actuaciones/ Denuncias/ Reclamos,DG Ordenamiento del Espacio Publico,Ambiente y Espacio Público,2013-08-21,,,Finalizado en término,En término,2013-08-09
61,"Expected 14 columns, found 16 columns",16,3531193,MGEYA,2013-08-06,REITERA POR FALTA DE INFORMACION, HABILITACION PUESTO ABANDONADO, BAJO EX. 3229865/2013. ,Actuaciones/ Denuncias/ Reclamos,DG Ordenamiento del Espacio Publico,Ambiente y Espacio Público,2013-08-21,,,Finalizado en término,En término,2013-08-09
62,"Expected 14 columns, found 15 columns",16,3531753,MGEYA,2013-08-06,HABILITACION DE QUIOSCO DE DIARIOS SITO EN ALICIA MOREAU DE JUSTO 580 APROX. , SE ENCUENTRA EN ESTADO DE ABANDONO,Habilitaciones,DG Ordenamiento del Espacio Publico,Ambiente y Espacio Público,2013-08-21,,,Finalizado en término,En término,2013-08-09
75,"Expected 14 columns, found 15 columns",27,2755861,MGEYA,2013-07-01,SI SE CONFECCIONO Y PUBLICO EL INFORME ANUAL CORRESPONDIENTE AL AÑO 2012. SI NO SE REALIZO, QUE SE INFORMEN MOTIVOS,Informes,APRA,APRA,2013-07-16,2013-07-30,Si,Finalizado fuera de término,Fuera de término,2013-08-15
78,"Expected 14 columns, found 16 columns",27,2944087,MGEYA,2013-07-10,SI EN CUENCA MATANZA, CUENCA CILDAÑEZ COMUNA 8, CUENTA CON UN PLAN DE OBRA PARA EVITAR INUNDACIONES Y QUE OBRAS COMPRENDEN ESE PLAN,Políticas públicas,DGTAL,Desarrollo Urbano,2013-07-24,,,Finalizado fuera de término,Fuera de término,2014-05-27
82,"Expected 14 columns, found 15 columns",29,1033224,DGSOCAI,2013-03-26,BALANCES GENERALES CON TODOS LOS DATOS PERTINENTES, AÑOS 2010/2011. DETALLE TOTAL DEL PERSONAL DE PLANTA PERMANENTE Y CONTRATADO EN C DIRECCION Y SUS HABERES,Presupuesto,Instituto de Juegos y Apuestas,Hacienda,2013-04-15,,,Finalizado en término,En término,2013-04-09
87,"Expected 14 columns, found 16 columns",32,542174,MGEYA,2013-02-14,INFORME SOBRE INMUEBLES SITO PASAJE GRAMAJO GUTIERREZ 3634, LYNCH 3615, CACHI 781,Habilitaciones,DGHYP,AGC,2013-03-01,,,Finalizado fuera de término,Fuera de término,2013-03-12
99,"Expected 14 columns, found 17 columns",41,1779981,MGEYA,2013-05-16,CANTIDAD DE SOLICITUDES PRESENTADAS POR CIUDADANOS DE LA COMUNA 12, CON INDEPENDENCIA DEL CGP DONDE SE EFECTUO DICHO PEDIDO, SEGÚN DETALLE DE BIENES INMUEBLES, BIENES MUEBLES REGISTRABLES Y BIENES MUEBLES A LA FECHA,Informes,Secretaria de Gestion Comunal y Atencion Ciudadana,Secretaría de Gestión Comunal y Atención Ciudadana,2013-05-30,,,Pendiente fuera de término,,
112,"Expected 14 columns, found 15 columns",48,1779646,MGEYA,2013-05-16,CANTIDAD DE PERSONAS CON DISCAPACIDAD, NIÑOS Y PERSONAS DE TERCERA EDAD FUERON AUXILIADAS Y SI EXISETN CENTROS DE ALOJAMIENTO CONFORME LAS NORMAS DE ACCESIBILIDAD PARA PERSONAS CON DISCAPACIDAD,Informes,SS Emergencias,Justicia y Seguridad,2013-05-30,,,Finalizado en término,En término,2013-05-28
126,"Expected 14 columns, found 18 columns",58,5821823,COMUNA 14,2013-10-23,LIMITACIONES PARA RELIAZAR REFORMAS DE ALTURAS, FOT, FOS, MODIFICCACION DE FACHADA, DATOS DE MANZANA EN JERONIMO SALGUERO 2963,Normativa,DGIUR,Desarrollo Urbano,2013-11-06,,,Finalizado en término,En término,2013-11-05
134,"Expected 14 columns, found 16 columns",64,6251222,COMUNA 7,2013-11-05,DATOS VARIOS SOBRE EMPRESA QUE TIENE LA CONCESION DE REALIZAR LA LIMPIEZA DE LOS ESPACIOS VERDES EN LA ZONA DEL BARRIO RIVADAVIA 1 (PLAZOLETA, PLAZA CIVICA, SECTOR SOBRE CALLE COREA Y LA CANCHA DE FUTBOL FRENTE A LA ESCUELA N° 12),Compras y contrataciones del GCABA,UGIS,Desarrollo Económico,2013-11-19,,,Pendiente fuera de término,,
135,"Expected 14 columns, found 16 columns",64,6256986,COMUNA 7,2013-11-05,NOMBRE DE LA EMPRESA QUE TIENE LA CONCESION DE REALIZAR LA LIMPIEZA DE LOS ESPACIOS VERDES EN LA ZONA DEL BARRIO RIVADAVIA 1 (PLAZOLETA, PLAZA CIVICA, SECTOR SOBRE LA CALLE COREA Y LA CANCHA DE FUTBOL FRENTE A LA ESCUELA N°12 ),Compras y contrataciones del GCABA,Comuna 7,Secretaría de Gestión Comunal y Atención Ciudadana,2013-11-19,,,Pendiente fuera de término,Fuera de término,2014-01-16
137,"Expected 14 columns, found 15 columns",66,601775,MGEYA,2013-02-21,DESPACHO AL EX. 02288570/2012 REFERENTE AL MANTENIMIENTO, PODA Y EXTRACCION DE ARBOLES EN LAS VILLAS DE LA CIUDAD 2007-2012,Políticas públicas,UGIS,Desarrollo Económico,2013-03-07,,,Finalizado fuera de término,Fuera de término,2013-03-08
144,"Expected 14 columns, found 16 columns",69,3563500,MGEYA,2013-08-07,INDIQUE SI EXISTEN PRORAMAS, TALLERES, PLANES Y/O CUALQUIER TIPO DE DISPOSITIVO DE EDUCACION NO FORMAL Y/O CAPACITACION LABORAL PARA PERSONAS ADULTAS CON Y SIN DISCAPACIDAD,Informes,DGCLEI,Educación,2013-08-22,2013-09-05,Si,Finalizado en término,En término,2013-08-23
145,"Expected 14 columns, found 17 columns",69,3563756,MGEYA,2013-08-07,CANTIDAD DE ALUMNOS/AS CON DISCAPACIDAD QUE ASISTEN A LAS ESCUELAS PARA ADULTOS, IFNROMACION DESAGREGADA POR DISTRITO ESCOLAR, TIPO DE DISCAPACIDAD, EDAD Y NIVEL DE ESCOLARIDAD DE ALUMNO/A (PRIMARIO O MEDIO),Informes,DGCLEI,Educación,2013-08-22,,,Finalizado fuera de término,Fuera de término,2013-09-06
149,"Expected 14 columns, found 15 columns",73,1779808,MGEYA,2013-05-16,MAPA DE LA RED PLUVIAL QUE DESEMBOCA EN EL DUCTO DE ENTUBAMIENTO DEL ARROYO MEDRANO, CON DETALLE DEL MILIMETRAJE DE LAS CAÑERIAS POR TRAMO .,Informes,DGTAL,Ambiente y Espacio Público,2013-05-30,,,Finalizado fuera de término,Fuera de término,2013-11-28
158,"Expected 14 columns, found 15 columns",78,6232061,DGSOCAI,2013-11-04,DATOS VARIOS SOBRE OBRAS EN CONSTRUCCION Y REFACCION QUE SE VIENEN REALIZANDO EN LA TERRAZA Y EN LA ESCALERA PRINCIPAL DE INGRESO A LA DG DE CONTADURIA, SITA EN AV. BELGRANO 836,Obras públicas,DG Contaduria,Hacienda,2013-11-18,,,Finalizado fuera de término,Fuera de término,2013-11-21
168,"Expected 14 columns, found 15 columns",82,437708,MGEYA,2013-02-04,COPIA DE DISPOSICIONES QUE AUTORIZARON EL FUNCIONAMIENTO DE NATATORIO, SALA DE GYM Y CONFITERIA RESTAURANTE DE LA EMPRESA CIUDAD SPORT SA SITO CALLE MIGUEL SANCHEZ 1100,Normativa,DGHYP,AGC,2013-02-21,,,Finalizado en término,En término,2013-02-18
177,"Expected 14 columns, found 15 columns",86,3384153,MGEYA,2013-07-30,RAZONES POR LAS CUALES DESDE EL AÑO 1983 SE PERMITIO LA INSTALACION DE LOS EMPRENDIMIENTOS COMERCIALES 'NUEVAS CANCHAS SRL' Y ' CIUDAD SPORT SRL' EN LAS INSTALACIONES DEL CLUB CIUDAD DE BUENOS AIRES, A PESAR DE ESTAR PROHIBIDAS,Habilitaciones,DGHYP,AGC,2013-08-13,,,Finalizado en término,En término,2013-08-08
181,"Expected 14 columns, found 16 columns",90,75409,MGEYA,2013-01-07,PREGUNTAS VARIAS (SUBSIDIOS, IMPUESTOS, FONDOS MENSUALES ) RELACIONADAS CON LA ASOCIACION CIENTIFICA DE INVESTIGACION Y REHABILITACION (A.C.I.A.R.),Presupuesto,DG Legal y Tecnica,Salud,2013-01-21,,,Finalizado fuera de término,Fuera de término,2013-02-06
185,"Expected 14 columns, found 15 columns",93,2447640,MGEYA,2013-06-14,DATOS VARIOS EN RELACION A LA OBRA PUBLICA DE EXTENSION DEL SUBTE B, ESTACIONES 'ECHEVERRIA' Y 'ROSAS',Políticas públicas,SBASE,Jefatura de Gabinete de Ministros,2013-07-02,,,Finalizado fuera de término,Fuera de término,2013-07-17
195,"Expected 14 columns, found 17 columns",100,1588721,MGEYA,2013-05-06,CANTIDAD DE PERSONAS CON DISCAPACIDAD QUE POSEEN DOMICILIO REAL EN CABA (TIPO DE DISCAPACIDAD) Y CANTIDAD DE SOLICITUDES REALIZADAS POR PARTE DE CLIBA, AEAS, URBASUR, NITTIDA E INTEGRA AL REGISTRO LABORAL UNICO DE ASPIRANTES CON NECESIDADES ESPECIALES,Informes,COPIDIS,Desarrollo Económico,2013-05-20,,,Finalizado fuera de término,Fuera de término,2013-07-24
198,"Expected 14 columns, found 18 columns",100,1681906,MGEYA,2013-05-10,CANTIDAD DE EMPLEADOS TOTAL Y LA CANTIDAD CON DISCAPACIDAD QUE SE ENCUENTRAN CUMPLIENDO FUNCIONES LABORALES EN LAS EMPRESAS CLIBA, AESA, URBASUR, NITTIDA E INTEGRA, ENCARGADAS DE LA RECOLECCION DE BASURA,Concesiones/ Permisos de uso,SS Higiene Urbana,Ambiente y Espacio Público,2013-05-24,2013-06-07,Si,Finalizado en término,En término,2013-06-05
202,"Expected 14 columns, found 16 columns",104,1217545,MGEYA,2013-04-15,INFORME SI DENUNCIA ADMINISTRATIVA N° 4204-DGDYPC-2010 SEE ENCUENTRA FIRME Y CONSENTIDA Y EN SU CASO EN VIAS DE EJECUCION O, POR LO CONTRARIO, APELADA POR LA CONDENADA EN INSTANCIA JUDICIAL ADMINISTRATIVA,Informes,Secretaria de Gestion Comunal y Atencion Ciudadana,Secretaría de Gestión Comunal y Atención Ciudadana,2013-04-29,,,Finalizado fuera de término,Fuera de término,2013-04-30
205,"Expected 14 columns, found 15 columns",106,1482212,MGEYA,2013-04-29,COPIA ACTAS PARITARIAS COMISION SECTORIAL DE SALUD Nº 62, 63 Y POSTERIORES Y ACTAS POSTERIORES A LA Nº 25 COMISION PARITARIA CENTRAL,Normativa,DG Legal y Tecnica,Salud,2013-05-14,,,Finalizado fuera de término,Fuera de término,2013-05-21
206,"Expected 14 columns, found 15 columns",107,2231325,MGEYA,2013-06-05,ESTADISTICAS PUNTUALES SOBRE ENFERMOS DE SIDA, ASISTIDOS POR LA COBERTURA SOCIAL QUE PROPICIA GCBA,Informes,DGLYT,Salud,2013-06-19,,,Finalizado fuera de término,Fuera de término,2013-10-09
209,"Expected 14 columns, found 15 columns",109,1669852,DGET,2013-07-11,DATOS VARIOS PROYECTO RELACIONADO CON EL ART.7 DE LA LEY 4384, ESTADIO DE FUTBOL,Políticas públicas,DGTAL,Desarrollo Urbano,2013-07-25,,,Pendiente fuera de término,,
214,"Expected 14 columns, found 15 columns",113,1585343,MGEYA,2013-05-06,IMPORTE EN PESOS DEL PRESUPUESTO DE LA CABA PARA EL AÑO 2013. PRESUPUESTO EJECUTADO 2007/2011 EN SALUD, EDUCACION Y POLITICA HABITACIONAL.,Presupuesto,DGTAL,Hacienda,2013-05-20,,,Finalizado fuera de término,Fuera de término,2013-07-12
222,"Expected 14 columns, found 15 columns",118,209695,MGEYA,2013-01-16,SOBRE LICITACION PRIVADA 214/2012-SECGCYAC-PASAJE HUGO DEL CARRIL, DATOS VARIOS.,Compras y contrataciones del GCABA,Secretaria de Gestion Comunal y Atencion Ciudadana,Secretaría de Gestión Comunal y Atención Ciudadana,2013-01-30,2013-02-18,Si,Finalizado fuera de término,Fuera de término,2013-03-04
223,"Expected 14 columns, found 16 columns",118,209803,MGEYA,2013-01-16,SOBRE LICITACION PRIVADA 215/SIGAF/2012, ADJUDICADA A INSTALECTRO SA, DATOS VARIOS.,Compras y contrataciones del GCABA,Secretaria de Gestion Comunal y Atencion Ciudadana,Secretaría de Gestión Comunal y Atención Ciudadana,2013-01-30,2013-02-18,Si,Finalizado fuera de término,Fuera de término,2013-03-15
224,"Expected 14 columns, found 18 columns",118,209898,MGEYA,2013-01-16,ADJUDICACIONES REALIZADAS A LA EMPRESA INSTALECTRO SA, MEDITERRANEO SA, ALOTE, INGECONS SA, DATOS VARIOS.,Compras y contrataciones del GCABA,Secretaria de Gestion Comunal y Atencion Ciudadana,Secretaría de Gestión Comunal y Atención Ciudadana,2013-01-30,2013-02-18,Si,Finalizado fuera de término,Fuera de término,2013-02-28
228,"Expected 14 columns, found 15 columns",119,2640603,MGEYA,2013-06-25,COPIA DE INFORME TECNICO, EN RELACION A NOTA PERIODISTICA PUBLICADA EL 31/05/2013 EN EL DIARIO 'LA NACION' TITULADA 'UNA LARGA HISTORIA DE CIERRES Y REAPERTURAS' EN REFERENCIA A LA SITUACIÓN DEL PARQUE DE LA CIUDAD,Informes,DGTAL,Desarrollo Económico,2013-07-10,2013-07-24,Si,Finalizado en término,En término,2013-07-19
230,"Expected 14 columns, found 15 columns",119,2640796,MGEYA,2013-06-25,DETALLE DE TODOS LOS MOVIMIENTOS DE FONDOS DE PARTIDA PRESUPUESTARIA, DESDE SU ASUNCION CORRESPONDIENTE AL PRESUPUESTO 2012 ,Presupuesto,DGTAL,Desarrollo Económico,2013-07-10,,,Finalizado en término,En término,2013-07-10
231,"Expected 14 columns, found 15 columns",120,468527,MGEYA,2013-02-06,LLAMADOS A LICITACION PUBLICA CONCURSO PUBLICO, CONTRATACION DIRECTA O PROCESO SIMILAR A PARTIR DE AGOSTO/2012 DEL PLAN MAESTRO DE HIGIENE URBANA,Compras y contrataciones del GCABA,DGTAL,Ambiente y Espacio Público,2013-02-25,,,Finalizado en término,En término,2013-02-15
232,"Expected 14 columns, found 15 columns",120,1385709,MGEYA,2013-04-23,LLAMADOS A LICITACION PUBLICA CONCURSO PUBLICO, CONTRATACION DIRECTA O PROCESO SIMILAR A PARTIR DE FEBRERO/2013 DEL PLAN MAESTRO DE HIGIENE URBANA,Políticas públicas,SS Higiene Urbana,Ambiente y Espacio Público,2013-05-08,2013-05-22,Si,Finalizado en término,En término,2013-05-21
238,"Expected 14 columns, found 18 columns",126,3440680,MGEYA,2013-08-01,INFORMACION RESPECTO DEL PROGRAMA N° 91,92,93,94,95 Y 96 DEPENDIENTES DE LA AGENCIA DE PROTECCION AMBIENTAL,Informes,APRA,APRA,2013-08-15,2013-08-30,Si,Finalizado fuera de término,Fuera de término,2013-09-27
242,"Expected 14 columns, found 15 columns",128,1777582,MGEYA,2013-05-16,DESCRIPCION, UBICACIÓN Y LA SITUACION EXACTA DE LOS LUGARES DE CABA Y ALREDEDORES QUE SE TENGA CONOCIMIENTO DE QUE ESTAN SIENDO OCUPADOS ILEGALMENTE,Informes,DGTAL,Ambiente y Espacio Público,2013-05-30,,,Pendiente fuera de término,,
246,"Expected 14 columns, found 15 columns",129,3463714,AGC,2013-08-02,ANTECEDENTES Y ACTUACIONES RELATIVOS A LOS LOCALES COMERCIALES SITO EN ARTIGAS 1438/46 Y JUAN B. JUSTO 5332 Y AV. JUAN B. JUSTO 5322 PISO 1, DPTO 3 DENOMINADO CON EL NOMBRE DE FANTASIA 'TOP SECRET',Habilitaciones,DGHYP,AGC,2013-08-16,,,Finalizado fuera de término,Fuera de término,2013-08-29
251,"Expected 14 columns, found 18 columns",130,1485342,MGEYA,2013-04-29,OBRA EX 39068/12 SI TIENE PLANOS REGISTRADOS Y PEDIDO FINAL DE OBRA, VERIFICACIONES, SUDDIVISION DE PH, PLANO DE INSTALACIONES ELECTRICAS, MECANICAS Y ASCENSORES.,Permisos de obra,DGROC,Desarrollo Urbano,2013-05-14,,,Finalizado fuera de término,Fuera de término,2013-05-22
258,"Expected 14 columns, found 17 columns",137,1100488,MGEYA,2013-04-05,RAZONES TECNICAS POR LAS CUALES TODOS LOS AÑOS SE REPAVIMENTEN CALLES COSSIO, CARUHE, GUAMINI, PATRON Y CCAGUAZU QUE SON DE POCO TRANSITO Y NO PRESENTAN DEFECTOS VIALES,Informes,SS Mantenimiento del Espacio Publico,Ambiente y Espacio Público,2013-04-19,,,Finalizado fuera de término,Fuera de término,2013-10-28
259,"Expected 14 columns, found 16 columns",138,724275,MGEYA,2013-03-04,CONSTRUCCION DEL PASO A NIVEL, EN EL CRUCE DE VIAS DEL FERROCARRIL MITRE, EN SU INTERSECCION CON LA AVENIDA FEDERICO LACROZE. PROYECTO DESAROLLADO POR AUSA SA,Obras públicas,DGTAL,Desarrollo Urbano,2013-03-18,,,Finalizado fuera de término,Fuera de término,2013-03-19
261,"Expected 14 columns, found 15 columns",139,1409490,MGEYA,2013-04-24,ACCEDER A ACTUACIONES ADMINISTRATIVAS (EX. 3454/08, PROVIDENCIA 3729-DGPINT-2004 Y DISPOSICION 178-DGIUR-2006),Actuaciones/ Denuncias/ Reclamos,DGROC,Desarrollo Urbano,2013-05-09,,,Finalizado fuera de término,Fuera de término,2013-05-15
262,"Expected 14 columns, found 16 columns",139,2635350,MGEYA,2013-06-26,ACCEDER A DETERMINADAS ACTUACIONES ADMINISTRATIVAS (EX. 3454/08, PROVIDENCIA 3729-DGPINT-2004, Y DISPOSICION 178-DGIRU-2006,Actuaciones/ Denuncias/ Reclamos,DGTAL,Desarrollo Urbano,2013-07-11,,,Finalizado en término,En término,2013-06-26
269,"Expected 14 columns, found 17 columns",145,1495803,MGEYA,2013-04-29,DATOS VARIOS S/CALLE CARLOS F. MELO ALT 200 Y 300 VIA DE CIRCULACION, DENOMINACION, AUTORIZACION , ETC.,Informes,DG Transito,Jefatura de Gabinete de Ministros,2013-05-14,,,Finalizado fuera de término,Fuera de término,2013-06-10
273,"Expected 14 columns, found 15 columns",149,3291526,MGEYA,2013-07-25,INFORME SI EXISTE UNA EMPRESA DE MOTOQUEROS FRENTE AL DOMICILIO Y SI PUEDE TENER UN LUGAR RESERVADO PARA MOTOS EN LA CALLE Y ASI, NO ESTACIONAR EN LA VEREDA,Informes,DG Transito,Jefatura de Gabinete de Ministros,2013-08-08,,,Finalizado en término,En término,2013-08-02
279,"Expected 14 columns, found 16 columns",155,1272779,MGEYA,2013-04-17,NOMINA DE LAS PERSONAS CONSIDERADAS BENEFICIARIAS EN LOS TERMINOS DE LA LEY 3.396 (RELACIONADO A LA TRAZA EX AU3). CENSO REALIZADO, REQUISITOS PARA SER BENEFICIARO, ETC.,Informes,DGTAL,Desarrollo Urbano,2013-04-30,,,Finalizado fuera de término,Fuera de término,
286,"Expected 14 columns, found 16 columns",162,1592945,DGSOCAI,2013-05-06,SI LA RESOLUCION SECGCYAC N° 408/2012 SE ENCUENTRA VIGENTE. O, EN SU DEFECTO, SI ESTA SUSPENDIDA PARCIAL O TOTALMENTE,Normativa,Secretaria de Gestion Comunal y Atencion Ciudadana,Secretaría de Gestión Comunal y Atención Ciudadana,2013-05-20,,,Finalizado fuera de término,Fuera de término,2013-05-31
307,"Expected 14 columns, found 16 columns",168,348817,MGEYA,2013-01-28,REFERENTE A EX. 49114/09 O. COSSETTIN 1341/1351, A VILLA FLOR 514, PIERIMA DEALESSI 1310/1380,Permisos de obra,DGROC,Desarrollo Urbano,2013-02-14,,,Finalizado fuera de término,Fuera de término,2013-02-26
330,"Expected 14 columns, found 15 columns",174,50590,MGEYA,2013-01-04,INFORMACION DEL EX. 2635268/12, VINCULADO CON TRAMITE DE HABILITACION DE ESTABLECIMIENTO SITO FITZ ROY 2483,Habilitaciones,DGHYP,AGC,2013-01-18,,,Finalizado fuera de término,Fuera de término,2013-02-19
338,"Expected 14 columns, found 15 columns",179,71458,MGEYA,2013-01-07,INFORMACION SOBRE EL BARRIO DE PARQUE PATRICIOS (IDENTIDAD ARQUITECTONICA, URBANIZACION),Informes,DG Interpretacion Urbanistica,Desarrollo Urbano,2013-01-21,,,Finalizado fuera de término,Fuera de término,2013-02-07
340,"Expected 14 columns, found 15 columns",180,1806682,MGEYA,2013-05-17,EX. 28264/2003, SI EXISTE FINAL DE OBRA/PLANOS DE OBRA,Permisos de obra,DGROC,Desarrollo Urbano,2013-05-31,,,Finalizado fuera de término,Fuera de término,2013-06-03
345,"Expected 14 columns, found 15 columns",183,766681,MGEYA,2013-03-07,ENTIDADES CONSTITUIDAS DE HECHO O DE DERECHO QUE DESARROLLEN TAREAS SOCIALES SIN FINES DE LUCRO CON ASIENTO O ACTUACION, INSCRIPTAS EN EL REGISTRO DE ORGANIZACIONES DE ACCION COMUNITARIA,Informes,SS Atencion Ciudadana,Secretaría de Gestión Comunal y Atención Ciudadana,2013-03-21,,,Finalizado fuera de término,Fuera de término,2013-09-19
363,"Expected 14 columns, found 15 columns",187,1331300,MGEYA,2013-04-19,VISTA DE EX.1940581/2012 Y COPIA DE PLANOS REGISTRADOS, REFERENTE A OBRA EN EJECUCION SITO EN CALLE MENDONZA  1267,Actuaciones/ Denuncias/ Reclamos,Secretaria de Planeamiento,Desarrollo Urbano,2013-05-06,,,Finalizado en término,En término,2013-04-24
369,"Expected 14 columns, found 15 columns",193,2229157,MGEYA,2013-06-05,POBLACION ACTUAL, CRECIMIENTO POBLACIONAL Y HOGARES EN DETERMINADOS BARRIOS DE CABA,Informes,DGTAL,Desarrollo Económico,2013-06-19,,,Finalizado fuera de término,Fuera de término,2013-09-25
378,"Expected 14 columns, found 15 columns",201,2983646,MGEYA,2013-07-11,PLANES, PROGRAMAS Y PROYECTOS QUE FUERON Y SON LLEVADOS A CABO EN DETERMINADOS SECTORES DE CABA CON RESPECTO A LAS RECIENTES INUNDACIONES OCURRIDAS LOS PASADOS 2 Y 3 DE ABRIL DE 2013,Políticas públicas,DGTAL,Desarrollo Urbano,2013-07-25,2013-08-08,Si,Finalizado fuera de término,Fuera de término,2013-08-12
381,"Expected 14 columns, found 15 columns",204,1118135,MGEYA,2013-04-08,OBJETIVOS PRESUPUESTARIOS LOGRADOS, DE LOS ITEMS QUE TODAVIA NO RECIBIERON PARTIDAS PRESUPUESTARIAS EN EL PRESUPUESTO APROBADO POR LA DGEART..,Presupuesto,DGTAL,Cultura,2013-04-22,2013-05-07,Si,Finalizado en término,En término,2013-04-25
393,"Expected 14 columns, found 15 columns",214,1934843,MGEYA,2013-05-23,NUMERO DE EGRESADOS DE LOS PROFESORADOS DE ENSEÑANZA PRIMARIA DE CABA, DE GESTION ESTATAL DURANTE EL AÑO 2012,Informes,DGCLEI,Educación,2013-06-06,2013-06-24,Si,Finalizado en término,En término,2013-06-18
410,"Expected 14 columns, found 15 columns",217,3227060,MGEYA,2013-07-23,NOMINA COMPLETA DE ESTABLECIMIENTOS DE ALOJAMIENTO U HOSPEDAJE HABILITADOS O EN FUNCIONAMIENTO, AQUELLOS QUE TENGAN COMO ACTIVIDAD PRINCIPAL ALOJAMIENTO DE HUSPEDES Y VIAJEROS MEDIANTE COMPENSACION ECONOMICA,Habilitaciones,DGHYP,AGC,2013-08-06,,,Finalizado fuera de término,Fuera de término,2013-10-09
418,"Expected 14 columns, found 15 columns",222,2203880,MGEYA,2013-06-04,DATOS VARIOS SOBRE ALUMNOS, DOCENTES Y NO DOCENTES DE ESTABLECIMIENTOS EDUCATIVOS QUE HUBIEREN SIDO ASESINADOS O PERMANECIERON DESAPARECIDOS POR CAUSA DEL TERRORISMO DE ESTADO ENTRE 1973-1983,Informes,DGCLEI,Educación,2013-06-18,,,Pendiente fuera de término,,
423,"Expected 14 columns, found 15 columns",225,2460156,MGEYA,2013-06-14,INFORME CUALES DE LOS ORGANISMOS PUBLICOS DE LA CABA, CUMPLE CON EL CUPO DEL CINCO PORCIENTO DE PERSONAS CON DISCAPACIDAD COMO LA ESTABLECE LA LEY 1502,Normativa,SS Gestión de Recursos Humanos,Modernización,2013-07-02,,,Finalizado fuera de término,Fuera de término,2013-10-17
424,"Expected 14 columns, found 15 columns",225,2460526,MGEYA,2013-06-14,INFORME CUALES DE LOS ORGANISMOS PUBLICOS DE LA CABA, CUMPLE CON EL CUPO DEL CINCO PORCIENTO DE PERSONAS CON DISCAPACIDAD COMO LA ESTABLECE LA LEY 1503,Normativa,SS Gestión de Recursos Humanos,Modernización,2013-07-02,,,Pendiente fuera de término,,
426,"Expected 14 columns, found 16 columns",227,474067,UAC 1,2013-02-06,HABILITACION DE HOSTEL VALENTIN SITO CALLE ADOLFO ALSINA 492 1,2,3 B,Habilitaciones,DGHYP,AGC,2013-02-25,,,Finalizado fuera de término,Fuera de término,2013-03-22
427,"Expected 14 columns, found 16 columns",227,1313884,UAC 1,2013-04-18,HABILITACION DE HOSTEL 'ADA AND VALENTIN' SITO EN CALLE ADOLFO ALSINA 492 1,2,3B,Habilitaciones,DGHYP,AGC,2013-05-03,,,Finalizado fuera de término,Fuera de término,2013-05-06
432,"Expected 14 columns, found 15 columns",231,1585746,MGEYA,2013-05-06,DATOS VARIOS SOBRE MONTOS DE DINERO QUE SE INVERTIRA EN LA COMPRA DE INSTRUMENTOS DE MUSICA, PARTITURAS Y LIBROS PARA LOS INSTITUTOS DE LA DGEART AÑO 2013,Presupuesto,DGTAL,Cultura,2013-05-20,2013-06-03,,Finalizado en término,En término,2013-05-21
433,"Expected 14 columns, found 18 columns",231,1726410,MGEYA,2013-05-14,DISCRIMINE CUANTO PERSONAL DE LIMPIEZA Y MAESTRANZA SE REQUIERE EN C/ INSTITUTO (EMAD, CSMMF, IVA, CONSERVATORIO PIAZZOLLA, ETC),RRHH,DGTAL,Cultura,2013-05-28,2013-06-11,Si,Finalizado en término,En término,2013-05-22
436,"Expected 14 columns, found 15 columns",232,1341848,AGC,2013-04-19,EXPEDIENTE HABILITACIÓN Nº 2531816/2012, EXP CLAUSURA Nº 2305747/11 Y EXP Nº 22186/12 UAFE.,Habilitaciones,DGHYP,AGC,2013-05-06,,,Finalizado fuera de término,Fuera de término,2013-05-17
437,"Expected 14 columns, found 15 columns",233,1084924,MGEYA,2013-04-04,CUANTAS PERSONAS CON DISCAPACIDAD ASISTEN A CBO, E INDICACION DE SU TIPO DE DISCAPACIDAD,Informes,DGCLEI,Educación,2013-04-18,2013-05-02,Si,Finalizado en término,En término,2013-04-25
444,"Expected 14 columns, found 16 columns",233,2167325,MGEYA,2013-06-03,CREDITOS SANCIONADOS, VIGENTES Y DEVENGADOS AÑOS 2008 A 2013, DESTINADOS A LOS CENTROS DE PRIMERA INFANCIA (CPI) A CARGO DE LA DIR. GRAL. DE FORTALECIMIENTO DE LA SOCIEDAD CIVIL DEL MIN. DE DESARROLLO SOCIAL,Presupuesto,DGTAL,Desarrollo Social,2013-06-17,2013-07-03,Si,Finalizado fuera de término,Fuera de término,2013-07-17
446,"Expected 14 columns, found 15 columns",233,2168063,MGEYA,2013-06-03,CANTIDAD DE ALUMNOS CON DISCAPACIDAD QUE ASISTEN A LAS ESCUELAS COMUNES DE NIVEL PRIMARIO, DESAGREGADA POR DISTRITO ESCOLAR Y POR TIPO DE DISCAPACIDAD,Informes,DGCLEI,Educación,2013-06-17,2013-07-03,Si,Finalizado fuera de término,Fuera de término,2013-08-09
454,"Expected 14 columns, found 15 columns",235,2503677,MGEYA,2013-06-17,INCRIPCION DEL REGISTRO PUBLICO DE ADMINISTRADORES DE CABA DE QUIEN RESULTA SER: ALBERTO RODOLFO REGO, ACTUALMENTE ADMINISTRADOR DEL CONSORCIO SITO EN CARLOS CALVO 1779/81,Informes,DG Defensa y Proteccion al Consumidor,Secretaría de Gestión Comunal y Atención Ciudadana,2013-07-03,,,Finalizado fuera de término,Fuera de término,2014-01-23
457,"Expected 14 columns, found 15 columns",237,2981089,MGEYA,2013-07-11,DATOS VARIOS SOBRE LICENCIA ORDINARIA QUE SE TOMARA EL AGENTE MARTIN CREMONTE CORRESPONDIENTES AL AÑO 2008, EL QUE ACTUALMENTE REVISTE SERVICIOS EN LA DIRECCION GENERAL DE ENSEÑANZA ARTISTICA,RRHH,DGTAL,Cultura,2013-07-25,2013-08-08,Si,Finalizado en término,En término,2013-08-01
461,"Expected 14 columns, found 15 columns",240,567747,MGEYA,2013-02-18,AL JEFE DE GABINETE DE MINISTROS QUE IDENTIFIQUE CUAL ES LA AUTORIDAD DE APLICACIÓN DE LA LEY DE ARBOLADO PUBLICO, LEY 3263,Normativa,DGTAL,Ambiente y Espacio Público,2013-03-05,,,Pendiente fuera de término,,
462,"Expected 14 columns, found 15 columns",241,416897,MGEYA,2013-02-01,UBICACIÓN DE LOS INMUEBLES REGISTRADOS POR EL BANCO DE TIERRAS E INMUEBLES DE CABA EN EL PERIMETRO DE AV. MONTES DE OCA, AV JUAN DE GARAY AV SAENZ Y RIACHUELO,Concesiones/ Permisos de uso,DG Administracion de Bienes,Desarrollo Económico,2013-02-19,,,Finalizado en término,En término,2013-02-18
463,"Expected 14 columns, found 20 columns",241,1681021,MGEYA,2013-05-10,INFORMACION REFERIDA AL PREDIO SITO EN MAGALDI, HORMA, LUNA Y EL RIACHUELO, CIRCUNCRIPCION II, SECCION  26, MANZANA 15, AFECTADO A LA RELOCALIZACIÓN DE LOS HABITANTES DEL CAMINO DE SIRGA.,Políticas públicas,IVC,Desarrollo Económico,2013-05-24,,,Finalizado en término,En término,2013-05-24
464,"Expected 14 columns, found 19 columns",241,1681131,MGEYA,2013-05-10,DICTAMEN DE LA PG DEL 09/10/ REFERIDA AL PREDIO SITO EN MAGALDI, HORMA, LUNA Y RIACHUELO, CIRCUNSCRIPCION II, SECCION 26, MANZANA 15 EN OPORTUNIDAD DE COMPRA Y OBJECIÓN A LA TASACIÓN DEL BANCO CIUDAD,Normativa,PROCURACION,Procuración General de la CABA,2013-05-24,,,Finalizado fuera de término,Fuera de término,2013-08-29
467,"Expected 14 columns, found 15 columns",244,1726632,MGEYA,2013-05-14,COPIA DEL CONVENIO FIRMADO POR LA CIUDAD DE BUENOS AIRES CON LA EMPRESA AUTO SPORTS 2000 SA,  ORGANIZADORA DEL CIRCUITO DE TC CALLEJERO,Información político-institucional,DGTAL,Desarrollo Económico,2013-05-28,,,Pendiente fuera de término,,
474,"Expected 14 columns, found 15 columns",245,3595265,MGEYA,2013-08-08,REITERA EX.2062925/2013, 3079813/2013 LEY 104,Actuaciones/ Denuncias/ Reclamos,DGAI,Justicia y Seguridad,2013-08-23,,,Finalizado fuera de término,Fuera de término,2013-10-18
479,"Expected 14 columns, found 19 columns",245,3623669,MGEYA,2013-08-09,DATOS VARIOS SOBRE EVALUACION DE IMPACTO AMBIENTAL ACUMULATIVAS DE TODOS LOS PERMISOS DE OBRA OTORGADAS EN LAS COMUNAS N° 10, 11, 12, 13, 14, 15 ,Políticas públicas,DGTAL,Desarrollo Urbano,2013-08-26,,,Finalizado fuera de término,Fuera de término,2013-09-26
493,"Expected 14 columns, found 16 columns",245,3654776,MGEYA,2013-08-12,SITUACION DE LOS ASENTAMIENTOS 'MAGALDI', 'EL PUEBLITO' Y 'LUJAN' EN LOS QUE HA FINALIZADO LA RELOCALIZACION DE LAS FAMILIAS ASENTADAS EN EL CAMINO DE SIRGA, QUEDANDO PENDIENTES LAS TAREAS DE URBANIZACION DE LAS AREAS SITUADAS FUERA DEL MISMO,Informes,Corporacion BA Sur,Desarrollo Económico,2013-08-27,,,Finalizado en término,En término,2013-08-23
494,"Expected 14 columns, found 16 columns",245,3654917,MGEYA,2013-08-12,SITUACION DE LOS ASENTAMIENTOS 'MAGALDI', 'EL PUEBLITO' Y 'LUJAN' EN LOS QUE HA FINALIZADO LA RELOCALIZACION DE LAS FAMILIAS ASENTADAS EN EL CAMINO DE SIRGA, QUEDANDO PENDIENTES LAS TAREAS DE URBANIZACION DE LAS AREAS SITUADAS FUERA DEL MISMO,Informes,IVC,Desarrollo Económico,2013-08-27,,,Finalizado fuera de término,Fuera de término,2013-09-12
498,"Expected 14 columns, found 16 columns",245,3683323,MGEYA,2013-08-13,HABILITACION DE BARTOLOME MITRE 226, AV. ALEM 30, 32 Y 36,Habilitaciones,DGHYP,AGC,2013-08-28,,,Finalizado fuera de término,Fuera de término,2013-09-05
499,"Expected 14 columns, found 15 columns",245,3685266,MGEYA,2013-08-13,PERMISOS DE OBRA, AMPLIACIONES DE SUPERFICIES INTERNAS DE UNIDADES DE INMUEBLES AFECTADOS AL REGIMEN DE PH SITO EN AV. DEL LIBERTADOR 498 PISO 12,Permisos de obra,Secretaria de Planeamiento,Desarrollo Urbano,2013-08-28,,,Finalizado en término,En término,2013-08-27
519,"Expected 14 columns, found 15 columns",245,3746028,MGEYA,2013-08-15,PERMISO DE OBRA SOBRE EL BOULEVARD DE AV. LIDORO QUINTEROS, EN TODA SU EXTENSION DESDE AV. FIGUEROA ALCORTA HASTA AV. LIBERTADOR Y MONROE,Permisos de obra,DGTAL,Ambiente y Espacio Público,2013-08-30,,,Finalizado fuera de término,Fuera de término,2014-03-12
538,"Expected 14 columns, found 15 columns",245,3776800,MGEYA,2013-08-16,MOTIVO POR EL CUAL EL CUERPO DE AGENTES DE CONTROL Y TRANSPORTE CONTINUA SACANDO FOTOS A LOS AUTOS ESTACIONADOS SOBRE LA MANO DERECHA EN LA AV. JUJUY 2000/2100, NO EXISTIENDO CARTELES INDICADORES DE PROHIBIDO ESTACIONAR,Políticas públicas,SS Transporte,Jefatura de Gabinete de Ministros,2013-09-02,,,Finalizado en término,En término,2013-08-26
540,"Expected 14 columns, found 17 columns",245,3814721,MGEYA,2013-08-20,REFERENTE A EX.3101742/2013, SOBRE EQUIPOS DE ELEVACION, QUE SEGÚN ACTA DE INSPECCION N° 107668 DEL 29/07/2013, FUERON 'INTIMADOS A PARALIZAR LAS INSTALACIONES',Actuaciones/ Denuncias/ Reclamos,DG Cementerios,Ambiente y Espacio Público,2013-09-03,2013-09-17,Si,Finalizado en término,En término,2013-09-17
541,"Expected 14 columns, found 18 columns",245,3814957,MGEYA,2013-08-20,REFERENTE A EX. 3592048/2013, IF-2013-3580865-DGFYCO,  SOBRE EQUIPOS DE ELEVACION, QUE SEGÚN ACTA DE INSPECCION N° 107668 DEL 29/07/2013, FUERON 'INTIMADOS A PARALIZAR LAS INSTALACIONES',Actuaciones/ Denuncias/ Reclamos,DGFYCO,AGC,2013-09-03,,,Finalizado en término,En término,2013-08-22
542,"Expected 14 columns, found 15 columns",245,3815391,MGEYA,2013-08-20,REFERENTE A EX. 3592138/2013, DENUNCIA CONTRA DIRECTOR DE CEMENTERIOS,Actuaciones/ Denuncias/ Reclamos,DG Sumarios,Procuración General de la CABA,2013-09-03,,,Finalizado fuera de término,Fuera de término,2013-09-09
543,"Expected 14 columns, found 18 columns",245,3842532,MGEYA,2013-08-21,LISTADO DE ORGANIZACIONES REGISTRADAS EN EL REGISTRO DE ORGANIZACIONES DEL CONSEJO DE DERECHOS DE NIÑOS, NIÑAS Y ADOLESCENTES QUE INCLUYA: NOMBRE DE LA ORGANIZACIÓN, DESCRIPCION DEL RUBRO O ACTIVIDAD A LA QUE SE DEDICA, DIRECCION Y TELEFONO DE CONTACTO,Informes,Consejo de los Derechos de los Niños,Consejo de los Derechos de las Niñas, Niños y Adolescentes,2013-09-04,,,Finalizado fuera de término,Fuera de término,2013-09-17
546,"Expected 14 columns, found 15 columns",245,3851793,MGEYA,2013-08-21,HABILITACION DE PUESTO DE DIARIOS SITO EN AV. CALLAO 155, QUE SE HA DADO TRASLADO DEL MISMO A AV. CALLAO 141 Y 143,Habilitaciones,DG Ordenamiento del Espacio Publico,Ambiente y Espacio Público,2013-09-04,,,Finalizado en término,En término,2013-09-04
553,"Expected 14 columns, found 15 columns",245,3902478,MGEYA,2013-08-23,REFERENTE A LA NOTA 1296954-MDEGC/2012, DISPOSICION FINAL DE LOS JUEGOS AFECTADOS A LA OBRA DENOMINADA 'BUENOS AIRES ROCK',Actuaciones/ Denuncias/ Reclamos,DGTAL,Desarrollo Urbano,2013-09-06,,,Finalizado fuera de término,Fuera de término,2013-09-09
555,"Expected 14 columns, found 15 columns",245,3908967,MGEYA,2013-08-23,SI EXISTE ALGUN INMUEBLE REGISTRADO ENTRE LAS CALLES MIRALLA BATLES DE ORDONEZ, ARAUJO Y CELEDONIO DE ESCALADA,Informes,DGHYP,AGC,2013-09-06,,,Finalizado en término,En término,2013-09-04
557,"Expected 14 columns, found 15 columns",245,3911867,MGEYA,2013-08-23,REFERENTE A LA TERMINAL DE OMNIBUS DELLEPIANE, LICITACION PUBLICA N° 8 CBAS-12,Obras públicas,Corporacion BA Sur,Desarrollo Económico,2013-09-06,,,Finalizado fuera de término,Fuera de término,2013-12-02
559,"Expected 14 columns, found 15 columns",245,3968267,MGEYA,2013-08-27,ESTADO DE SITUACION DE EXPEDIENTE DE OBRA 1244079/09, OBRA SITO EN CERETTI 2042/44,Actuaciones/ Denuncias/ Reclamos,DGROC,Desarrollo Urbano,2013-09-10,,,Finalizado en término,En término,2013-08-29
562,"Expected 14 columns, found 15 columns",245,4006712,MGEYA,2013-08-28,DATOS VARIOS SOBRE PLANES DE URBANIZACION A LOS QUE SE REFIEREN LOS CONVENIOS ESPECIFICOS DE URBANIZACION DE LAS VILLAS Y ASENTAMIENTOS DE CABA, AFECTADOS POR LA SENTENCIA RECAIDA EN LA CAUSA 'MENDOZA' LA CUAL PRETENDE EL SANEAMINTO DE LA CUENCA MATANZA/RIACHUELO,Políticas públicas,Secretaria de Habitat e Inclusion (SECHI),Desarrollo Económico,2013-09-11,,,Finalizado fuera de término,Fuera de término,2013-09-30
563,"Expected 14 columns, found 15 columns",245,4005971,MGEYA,2013-08-28,COPIA DEL CENSO REALIZADO POR EL GCBA DURANTE EL AÑO 2010 PARA LA CALLE DEFENSA EN TODA SU EXTENSION FERIAL, NUMERACION 50 HASTA EL 1100,Informes,DG de Ferias y Mercados,Ambiente y Espacio Público,2013-09-11,,,Pendiente fuera de término,,
566,"Expected 14 columns, found 15 columns",245,4042194,MGEYA,2013-08-29,ACCESO AL EX. RELACIONADO A LA OBRA EN CONTRUCCION SITO EN ARCOS 2650 ESQUINA ROOSEVELT, DENOMINADO TORRE MIRABILIA,Actuaciones/ Denuncias/ Reclamos,DGROC,Desarrollo Urbano,2013-09-12,,,Finalizado fuera de término,Fuera de término,2013-12-02
574,"Expected 14 columns, found 15 columns",245,4113205,MGEYA,2013-09-02,CUALES SON LOS ASCENSORES QUE SE ENCUENTRAN 'EN PROCESO DE HABILITACION' Y CUALES ESTAN HABILITADOS, EN TODOS Y CADA UNO DE LOS CEMENTERIOS DE LA CIUDAD,Informes,DG Cementerios,Ambiente y Espacio Público,2013-09-16,,,Finalizado fuera de término,Fuera de término,2013-09-25
575,"Expected 14 columns, found 15 columns",245,4113416,MGEYA,2013-09-02,CUALES SON LOS EQUIPOS DE ELEVACION QUE FUERON 'INTIMIADOS A PARALIZAR LAS INSTALACIONES, SEGÚN ACTA DE INSPECCION N° 107668,Informes,DG Cementerios,Ambiente y Espacio Público,2013-09-16,,,Finalizado fuera de término,Fuera de término,2013-09-25
577,"Expected 14 columns, found 15 columns",245,4143918,MGEYA,2013-09-03,DESCRIPCION DE COMPETENCIAS Y FUNCIONES DE LA MESA DE ENLACE ENTRE LA DIRECCION GENERAL DE OBRAS Y CATATRO Y DIRECCION GENERAL DE FISCALIZACION DE OBRAS, ASI COMO LA NOMINA DE SUS INTEGRANTES,Permisos de obra,DGROC,Desarrollo Urbano,2013-09-17,,,Finalizado fuera de término,Fuera de término,2013-10-02
579,"Expected 14 columns, found 28 columns",245,4177754,MGEYA,2013-09-04,DATOS VARIOS RESPECTO DE OBRAS EN PASO BAJO NIVEL: MOROE, MOSCONI, LARRALDE, BESARES, IBERA, ARIAS, SOLER, SARMIENTO, BONORINO, DORREGO, PUNTA ARENAS, HOLMBERG, DONATO, CERETTI, PACHECO Y PEDRAZA,Obras públicas,DGTAL,Desarrollo Urbano,2013-09-18,2013-10-02,Si,Finalizado fuera de término,Fuera de término,2013-11-06
580,"Expected 14 columns, found 28 columns",245,4177898,MGEYA,2013-09-04,DATOS VARIOS RESPECTO DE OBRAS EN PASO BAJO NIVEL: MOROE, MOSCONI, LARRALDE, BESARES, IBERA, ARIAS, SOLER, SARMIENTO, BONORINO, DORREGO, PUNTA ARENAS, HOLMBERG, DONATO, CERETTI, PACHECO Y PEDRAZA,Obras públicas,DGTAL,Desarrollo Urbano,2013-09-18,2013-10-02,Si,Finalizado fuera de término,Fuera de término,2013-11-06
594,"Expected 14 columns, found 15 columns",245,4324112,MGEYA,2013-09-10,EX. 1796935/2011 RESPECTO AL INFORME ULTIMO DEL INSPECTOR EL INGENIERO CIVIL DOMINGO CURRAO, CON EL ACTA DE INTIMACION NUMERO 105492 Y COMPROBACION NUMERO 00533158 ,Actuaciones/ Denuncias/ Reclamos,DGFYCO,AGC,2013-09-24,2013-10-09,Si,Finalizado en término,En término,2013-09-30
600,"Expected 14 columns, found 15 columns",245,4377387,MGEYA,2013-09-11,ACTO ADMINISTRATIVO POR EL CUAL SE ORDENO EL REGISTRO DEL PLANO EN EL EX. 208054/2013 CUYOS PROPIETARIOS SON JOSE SHAYO, HORACIO VICTOR MANGIERI Y RENEE JOSE SERGIO MATALON,Permisos de obra,DGROC,Desarrollo Urbano,2013-09-25,,,Finalizado fuera de término,Fuera de término,2013-10-11
601,"Expected 14 columns, found 15 columns",245,4381137,MGEYA,2013-09-11,EX. 3746028/2013  POR LAS OBRAS QUE SE ESTAN CONSTRUYENDO EN EL BOULEVARD DE LA AV. QUINTEROS, DESDE FIGUEROA ALCORTA HASTA AV. LIBERTADOR DEL BARRIO PARQUE GENERAL BELGRANO Y NUEVO BELGRANO,Actuaciones/ Denuncias/ Reclamos,DG Obras Comunales,Secretaría de Gestión Comunal y Atención Ciudadana,2013-09-25,,,Pendiente fuera de término,,
621,"Expected 14 columns, found 16 columns",245,4556484,MGEYA,2013-09-17,DATOS VARIOS EN RELACIONES A LAS TAREAS DE INSPECCION, RELEVAMIENTO Y CONTRALOR A TALLERES DE CONFECCION DE INDUMENTARIA EN EL AMBITO DE LA CIUDAD, REALIZADAS A LAS FACULTADES ASUMIDAS MEDIANTE LEY 2437/07,Informes,SS Trabajo,Desarrollo Económico,2013-10-01,2013-10-16,Si,Finalizado en término,En término,2013-10-16
622,"Expected 14 columns, found 15 columns",245,4565262,MGEYA,2013-09-17,INFORME SI HAN TENIDO ALGUN TIPO DE RECLAMO EN REFERENCIA A LA VEREDA ROTA SITO EN CALLE FITZ ROY 1127, DURANTE EL MES DE MARZO,Actuaciones/ Denuncias/ Reclamos,DGTAL,Ambiente y Espacio Público,2013-10-01,,,Pendiente fuera de término,,
627,"Expected 14 columns, found 15 columns",245,4646661,MGEYA,2013-09-19,RESPECTO A LA PRESENTACION AFECTUADA CON FECHA 04/09/2013. BAJO EX. SIN NUMERO, CON NOTA ADJUNTA SIN NINGUNA RESPUESTA Y/O SOLUCION,Actuaciones/ Denuncias/ Reclamos,AGC,AGC,2013-10-03,,,Pendiente fuera de término,,
640,"Expected 14 columns, found 16 columns",245,4650876,MGEYA,2013-09-19,INFORME LA CANTIDAD Y FECHA DE CENSOS A FERIANTES, REALIZADOS ENTRE ENERO DEL 2012 Y HASTA LA FECHA DE RECEPCION DE LA PRESENTA PARA LA CALLE DEFENSA, ESPECIFICAMENTE PARA LA NUMERACION 699/756,Informes,DG de Ferias y Mercados,Ambiente y Espacio Público,2013-10-03,,,Pendiente fuera de término,,
653,"Expected 14 columns, found 17 columns",245,4842711,MGEYA,2013-09-25,DATOS VARIOS SOBRE REGISTRO DE PLANOS PARA OBRA NUEVA EN PREDIOS SITO EN MONROE 1370, MONROE 1328, BLANCO ENCALADA 1385, BLANCO ENCALADA 1329,Permisos de obra,DGROC,Desarrollo Urbano,2013-10-09,,,Finalizado fuera de término,Fuera de término,2013-10-22
660,"Expected 14 columns, found 15 columns",245,4847576,MGEYA,2013-09-25,DATOS VARIOS SOBRE PROGRAMA PROTECCIÓN Y SANIDAD ANIMAL, Y CENTROS DE ATENCIÓN VETERINARIA LEY 4351/11,Informes,APRA,APRA,2013-10-09,2013-10-24,Si,Finalizado fuera de término,Fuera de término,2013-11-26
663,"Expected 14 columns, found 15 columns",245,4890823,MGEYA,2013-09-26,REFERENTE A CUMPLIMIENTO DE LEY TOLDOS Y MARQUESINAS, PERMISO Y USO DEL ESPACIO PUBLICO E INSPECCIONES FORMULADAS,Informes,SS Uso del Espacio Publico,Ambiente y Espacio Público,2013-10-10,,,Pendiente fuera de término,,
664,"Expected 14 columns, found 16 columns",245,4891390,MGEYA,2013-09-26,REFERENTE A ESPACIOS EXPLOTADOS BAJO AUTOPISTAS: PERMISO DE USO, COMODATO, CONCESION ACTO ADMINISTRATIVO QUE LO RESUELVE,Normativa,DG Concesiones,Desarrollo Económico,2013-10-10,,,Finalizado en término,En término,2013-10-04
665,"Expected 14 columns, found 16 columns",245,4888706,MGEYA,2013-09-26,DOCUMENTACION RELATIVA AL PROYECTO DE INVERSION DENOMINADO ' ETAPA I - PROCESO DE CICATRIZACION DEL CAMINO SIRGA - ACUMAR, ASENTAMIENTO 'EL PUEBLITO', BARRIO NUEVA POMPEYA: PUESTA EN VALOR DE FACHADAS Y CALLE MAR DULCE',Políticas públicas,IVC,Desarrollo Económico,2013-10-10,,,Finalizado en término,En término,2013-10-10
666,"Expected 14 columns, found 15 columns",245,4888942,MGEYA,2013-09-26,SOLICITO INFORME RESPECTO DE LA SITUACION DE LOS ASENTAMIENTOS 'MAGALDI', 'EL PUEBLITO' Y 'LUJAN' EN LOS QUE HA FINALIZADO LA RELOCALIZACION DE LAS FAMILIAS ASENTADAS EN EL CAMINO DE SIRGA,Políticas públicas,UGIS,Desarrollo Económico,2013-10-10,,,Finalizado en término,En término,2013-09-30
667,"Expected 14 columns, found 15 columns",245,4889260,MGEYA,2013-09-26,SOLICITO INFORME RESPECTO DE LA SITUACION DE LOS ASENTAMIENTOS 'MAGALDI', 'EL PUEBLITO' Y 'LUJAN' EN LOS QUE HA FINALIZADO LA RELOCALIZACION DE LAS FAMILIAS ASENTADAS EN EL CAMINO DE SIRGA,Informes,SECHI,Desarrollo Económico,2013-10-10,,,Finalizado en término,En término,2013-09-30
678,"Expected 14 columns, found 15 columns",245,4991715,MGEYA,2013-09-30,CONTROLES BROMATOLOGICOS QUE SE EFECTUEN CON LA COMERCIALIZACION DE EMPANADAS/CHORIZOS OFRECIDOS A TURISTAS, QUE SE PRODUCE TODOS LOS DOMINGOS EN EL EX PADELAI SITO EN BALCARCE ENTRE HUMBERTO PRIMO Y SAN JUAN,Informes,DG Higiene y Seguridad Alimentaria,AGC,2013-10-15,,,Finalizado en término,En término,2013-10-15
689,"Expected 14 columns, found 15 columns",245,5136233,MGEYA,2013-10-03,REITERA EX. 4753788/2013, SOBRE CARTEL O MARQUESINA PUBLICITARIA LOCAL DE CALLE MEMBRILLAR 216,Actuaciones/ Denuncias/ Reclamos,DG Ordenamiento ,Ambiente y Espacio Público,2013-10-18,,,Finalizado en término,En término,2013-10-16
694,"Expected 14 columns, found 15 columns",245,5267135,MGEYA,2013-10-07,TODAS LAS INSTITUCIONES O REPARTICIONES DEL GCBA DEBEN CUMPLIR CON LA LEY N°2247/06 Y MODIFICATORIOS, SOBRE LIBROS DE QUEJAS,Normativa,AGC,AGC,2013-10-22,,,Finalizado en término,En término,2013-10-16
704,"Expected 14 columns, found 15 columns",245,5314359,MGEYA,2013-10-08,INFORMACION DE LAS VIVIENDAS DE REFERENCIA, SI POSEE PLANOS DE DEMOLICION Y OBRA NUEVA SITO EN SAN NICOLAS 308-312/352,Permisos de obra,DGROC,Desarrollo Urbano,2013-10-23,,,Finalizado fuera de término,Fuera de término,2013-10-24
705,"Expected 14 columns, found 15 columns",245,5314545,MGEYA,2013-10-08,INFORMACION DE LA VIVIENDA DE REFERENCIA LA CUAL FUNCIONA UNA ACTIVIDAD TEXTIL, VIOLANDO LA LEY  SITO EN BOGOTA 3515,Habilitaciones,DGHYP,AGC,2013-10-23,,,Finalizado en término,En término,2013-10-21
706,"Expected 14 columns, found 15 columns",245,5314707,MGEYA,2013-10-08,INFORMACION DE LA VIVIENDA DE REFERENCIA SI POSEE PLANOS DE REMODELACION. HAY HACINAMIENTO, FALTA DE HIGIENE SITO EN SAN NICOLAS 321,Permisos de obra,DGROC,Desarrollo Urbano,2013-10-23,,,Finalizado fuera de término,Fuera de término,2013-10-24
716,"Expected 14 columns, found 15 columns",245,5319485,MGEYA,2013-10-08,INFORMACION DE LAS VIVIENDAS DE REFERENCIA, SI POSEE PLANOS DE DEMOLICION Y OBRA NUEVA SITO EN SAN NICOLAS 324-326/332-336/333,Permisos de obra,DGROC,Desarrollo Urbano,2013-10-23,,,Finalizado fuera de término,Fuera de término,2013-10-31
719,"Expected 14 columns, found 15 columns",245,5372327,MGEYA,2013-10-09,HISTORIAL DE INSPECCIONES REALIZADAS Y DOCUMENTAL EXHIBIDA EN CADA ACTO, RESPECTO DEL COMERCIO QUE OPERA EN EL RUBRO DE VENTA DE ANTIGUEDADES SITO EN AV. SANTA FE 1270 PISO 2 DEPARTAMENTO I,Actuaciones/ Denuncias/ Reclamos,DGFYC,AGC,2013-10-24,,,Finalizado en término,En término,2013-10-17
722,"Expected 14 columns, found 17 columns",245,5404944,MGEYA,2013-10-10,IDENTIFICACION Y COPIA DE LAS NORMAS LEGALES Y/REGLAMENTARIAS QUE FUNDAMENTEN, QUE DIVISION SUMARIOS, UNICAMENTE RECIBE PRESENTACIONES ESCRITAS QUE CONTENGAN COMO ADJUNTOS, DOCUMENTALES ORIGINALES,Normativa,DG Sumarios,Procuración General de la CABA,2013-10-25,,,Finalizado en término,En término,2013-10-17
723,"Expected 14 columns, found 15 columns",245,5423487,MGEYA,2013-10-10,TITULAR DE LA PROPIEDAD SITO EN CALLE MARIO BRAVO 1151, EN EL MARCO DEL EX. 89762/1998,Permisos de obra,DGROC,Desarrollo Urbano,2013-10-25,,,Finalizado en término,En término,2013-10-23
725,"Expected 14 columns, found 16 columns",245,5461770,MGEYA,2013-10-11,CUALES HAN SIDO LOS RESULTADOS DE LOS ESTUDIOS DE IMPACTO AMBIENTAL, ASI COMO LOS ANTECEDENTES Y FUNDAMENTOS QUE MOTIVARAN LA AUTORIZACION DE LA OBRA EN CONTRUCCION DE LA CALLE ARCOS 2650 ESQUINA ROOSEVELT, DENOMINADA TORRE MIRABILIA ,Informes,DGFYCO,AGC,2013-10-28,2013-11-12,Si,Finalizado en término,En término,2013-10-29
729,"Expected 14 columns, found 18 columns",245,5456278,MGEYA,2013-10-11,INFORMACION DE LA VIVIENDA, SI POSEE PLANOS DE REMODELACION, MODIFICACION, CAMBIO DE FACHADA, COLOCACION DE PUBLICIDAD Y ACTIVIDAD COMERCIAL SITO EN BOGOTA 3503-BOGOTA 3505,Permisos de obra,DGROC,Desarrollo Urbano,2013-10-28,,,Finalizado en término,En término,2013-10-24
731,"Expected 14 columns, found 16 columns",245,5456509,MGEYA,2013-10-11,INFORMACION DE LA VIVIENDA SI POSEE PLANOS DE REMODELACION, MODIFICACION, COLOCACION DE PUBLICIDAD Y ACTIVIDAD COMERCIAL SITO EN BOGOTA 3501,Permisos de obra,DGROC,Desarrollo Urbano,2013-10-28,,,Finalizado fuera de término,Fuera de término,2013-10-31
733,"Expected 14 columns, found 16 columns",245,5457307,MGEYA,2013-10-11,INFORMACION DE LA VIVIENDA DE REFERENCIA, LA CUAL ACTUALENTE DESARROLLA LA FABRICACION TEXTIL, SI POSEE PLANO DE OBRA NUEVA Y FINAL DE OBRA SITO EN BOGOTA 3589-99,Permisos de obra,DGROC,Desarrollo Urbano,2013-10-28,,,Finalizado en término,En término,2013-10-24
734,"Expected 14 columns, found 15 columns",245,5457985,MGEYA,2013-10-11,INFORMACION DE LA VIVIENDA, SI POSEE PLANOS DE DEMOLICION Y OBRA NUEVA. SI POSEE ACTIVIDAD COMERCIAL SITO EN EMILIO LAMARCA 322,Permisos de obra,DGROC,Desarrollo Urbano,2013-10-28,,,Finalizado fuera de término,Fuera de término,2013-11-11
736,"Expected 14 columns, found 27 columns",245,5559922,MGEYA,2013-10-15,INFORME SOBRE LOS ESPACIOS PUBLICOS-CALLES, AVENIDAS, CANTEROS, AUTOPISTAS, ESPACIOS VERDES, PATIOS DE JUEGOS, BARRIOS, COMPLEJOS URBANISTICOS, PUENTES, VIADUCTOS, TUNELES, ESTABLECIMIENTOS EDUCACIONALES, HOSPITALES, ESTACIONAMIENTOS DE SUBTERRANOS Y TODO OTRO ESPACIO PUBLICO DE CABA QUE ACTUALMENTE CAREZCAN DE DENOMINACION,Informes,Secretaria de Planeamiento,Desarrollo Urbano,2013-10-29,2013-11-12,Si,Finalizado fuera de término,Fuera de término,2014-01-04
738,"Expected 14 columns, found 16 columns",245,5592100,MGEYA,2013-10-16,DATOS VARIOS SOBRE LA PRESENCIA DE EMANACIONES DE OLOR NAUSEABUNDO Y PRESUNTAMENTE CONTAMINANTE EN LA ZONA DE BARRACAS, EN LA INTERCEPCION DEL RIACHUELO Y LA AUTOPISTA 9 DE JULIO SUR, CERCA DEL PUENTE PUEYRREDON,Informes,APRA,APRA,2013-10-30,2013-11-13,Si,Finalizado fuera de término,Fuera de término,2013-11-22
740,"Expected 14 columns, found 15 columns",245,5602959,MGEYA,2013-10-16,REITERA EX. 4305102/2013, YA QUE EL MISMO FUE RESPONDIDO DE FORMA PARCIAL,Actuaciones/ Denuncias/ Reclamos,DG Sistema Pluvial,Ambiente y Espacio Público,2013-10-30,,,Finalizado en término,En término,2013-10-10
741,"Expected 14 columns, found 15 columns",245,5603674,MGEYA,2013-10-16,REITERA EX. 4305438/2013, YA QUE EL MISMO FUE RESPONDIDO DE FORMA PARCIAL,Actuaciones/ Denuncias/ Reclamos,DG Sistema Pluvial,Ambiente y Espacio Público,2013-10-30,,,Finalizado fuera de término,Fuera de término,2014-02-17
755,"Expected 14 columns, found 15 columns",245,5716314,MGEYA,2013-10-18,INFORMACION POR LA VIVIENDA DE REFERENCIA, SI POSEE PLANOS DE OBRA Y PERMISO DE USO SITO EN JOAQUIN V. GONZALEZ 357,Permisos de obra,DGROC,Desarrollo Urbano,2013-11-01,,,Finalizado en término,En término,2013-10-31
756,"Expected 14 columns, found 17 columns",245,5716683,MGEYA,2013-10-18,INFORMACION DE LA VIVIENDA DE REFERENCIA, SI POSEE PLANOS DE OBRA NUEVA, FINAL DE OBRA, PERMISO DE USO SITO EN JOAQUIN V. GONZALEZ 371,Permisos de obra,DGROC,Desarrollo Urbano,2013-11-01,,,Finalizado fuera de término,Fuera de término,2013-11-05
757,"Expected 14 columns, found 15 columns",245,5716959,MGEYA,2013-10-18,INFORMACION DE LA VIVIENDA DE REFERENCIA SI POSEE PLANOS DE DEMOLICION Y OBRA NUEVA, PERMISO DE OBRA Y ACTIVIDAD COMERCIAL SITO EN BACACAY 3537-3539,Permisos de obra,DGROC,Desarrollo Urbano,2013-11-01,,,Finalizado en término,En término,2013-10-31
760,"Expected 14 columns, found 15 columns",245,5717739,MGEYA,2013-10-18,INFORMACION DE LA VIVIENDA DE REFERENCIA EN LA CUAL ESTAN FUNCIONANDO LOCALES COMERCIALES, PLANOS DE OBRA NUEVA Y PERMISO DE USO SITO EN BACACAY 3501,Permisos de obra,DGROC,Desarrollo Urbano,2013-11-01,,,Finalizado en término,En término,2013-10-31
761,"Expected 14 columns, found 16 columns",245,5717881,MGEYA,2013-10-18,INFORMACION DE LA VIVIENDA DE REFERENCIA, EN LA CUAL EL FIN DE SEMANA HUBO DESALOJO , CUAL ES SU DESTINO SITO EN EMILIO LAMARCA 218,Informes,DG Administrativa y Legal de la Policia Metropolitana,Justicia y Seguridad,2013-11-01,,,Pendiente fuera de término,,
762,"Expected 14 columns, found 16 columns",245,5718049,MGEYA,2013-10-18,INFORMACION DE LA VIVIENDA DE REFERENCIA, CUAL ES SU DESTINO, SI POSEE PLANOS DE DEMOLICION OBRA NUEVA Y PERMISO DE USO SITO EN EMILIO LAMARCA 224,Permisos de obra,DGROC,Desarrollo Urbano,2013-11-01,,,Finalizado fuera de término,Fuera de término,2013-11-05
764,"Expected 14 columns, found 15 columns",245,5718578,MGEYA,2013-10-18,INFORMACION DE LA VIVIENDA DE REFERENCIA SI POSEE PLANOS DE DEMOLICION Y OBRA NUEVA, SI POSEE ACTIVIDAD COMERCIAL SITO EN BOGOTA 3601,Permisos de obra,DGROC,Desarrollo Urbano,2013-11-01,,,Finalizado fuera de término,Fuera de término,2013-11-05
765,"Expected 14 columns, found 16 columns",245,5718753,MGEYA,2013-10-18,INFORMACION DE LA VIVIENDA DE REFERENCIA SI POSEE PLANOS DE DEMOLICION Y OBRA NUEVA, SI POSEE ACTIVIVDAD COMERCIAL , FINAL DE OBRA Y PERMISO DE USO SITO EN EMILIO LAMARCA 320,Permisos de obra,DGROC,Desarrollo Urbano,2013-11-01,,,Finalizado en término,En término,2013-10-31
770,"Expected 14 columns, found 16 columns",245,5821425,MGEYA,2013-10-21,INFORMACION RESPECTO DE LA AFECTACION POR CAUSA DE UTILIDAD PUBLICA DE LAS PARCELAS UBICADAS EN LA MANZANA COMPRENDIDA ENTRE LA AV. SANTA FE, GODOY CRUZ, BERUTI Y TERRAPLEN Y VIAS DEL EX FERROCARRIL SAN MARTIN,Otros,Secretaria Legal y Tecnica,SECLYT,2013-11-04,,,Finalizado fuera de término,Fuera de término,2013-11-07
782,"Expected 14 columns, found 15 columns",245,5940002,MGEYA,2013-10-23,VISTA Y COPIA DE LAS PLANCHETAS DE HABILITACION EXHIBIDAS EN LOS LOCALES QUE FUERON DENUNCIADOS MEDIANTO EL EX. 3234327/2013, ASI COMO LAS ACTAS DE COMPROBACION LABRADAS EN DICHOS LOCALES,Habilitaciones,DGHYP,AGC,2013-11-06,,,Pendiente fuera de término,,
784,"Expected 14 columns, found 15 columns",245,5940744,MGEYA,2013-10-23,LOS NOMBRES, DIRECCION DEPENDIENTE DE LA AGC A LA QUE PERTENECEN Y NUMERO DE MATRICULA DE TODOS AQUELLOS INSPECTORES QUE HUBIERAN FISCALIZADO Y/O VERIFICADO Y/O CONTROLADO LOS LOCALES DENUNCIADOS EN EL EX. 3234327/2013,Informes,DGFYC,AGC,2013-11-06,,,Finalizado fuera de término,Fuera de término,2013-11-15
787,"Expected 14 columns, found 15 columns",245,5962004,MGEYA,2013-10-24,PLANOS DE OBRA REGISTRADOS EN GUALEGUAYCHU 3848 Y EN CASO DE EXISTIR DISPOSICIONES, SOBRE PARTICULAR (EX. 426975/2013) SE ACOMPAÑEN COPIAS DE LAS MISMAS,Permisos de obra,DGROC,Desarrollo Urbano,2013-11-07,,,Finalizado fuera de término,Fuera de término,2013-11-14
788,"Expected 14 columns, found 15 columns",245,5966788,MGEYA,2013-10-24,INFORMACION SI LA EMPRESA CONTINENTAL SITO EN DOBLAS 110 PISO 2 DPTO A, SE ENCUENTRA HABILITADA A LOS EFECTOS DE LIMPIEZA DE TANQUES DE AGUA POTABLE Y SI LA DOCUMENTACION QUE ACOMPAÑO EN COPIAS SON VERDADERAS ,Habilitaciones,DGHYP,AGC,2013-11-07,,,Finalizado fuera de término,Fuera de término,2014-01-13
791,"Expected 14 columns, found 17 columns",245,5973762,MGEYA,2013-10-24,INFORMACION DE OBRA REALIZADA EN AV. ESCALADA Y RICHERI , PARA SOLUCIONAR INUNDACION EN ZONA DE MATADEROS, LUGANO, ETC,Obras públicas,DGTAL,Desarrollo Urbano,2013-11-07,,,Finalizado fuera de término,Fuera de término,2013-11-14
793,"Expected 14 columns, found 15 columns",245,5969411,MGEYA,2013-10-24,TODOS LOS EXPEDIENTES ORIGINADOS EN DENUNCIAS RESPECTO AL INMUEBLE SITO EN CALLE GODOY CRUZ 1257 PISO 1, UNIDAD 7,Actuaciones/ Denuncias/ Reclamos,DGFYCO,AGC,2013-11-07,2013-11-21,Si,Finalizado en término,En término,2013-11-07
795,"Expected 14 columns, found 16 columns",245,6072112,MGEYA,2013-10-29,COPIA DE LAS DECLARACIONES JURADAS DE LOS DIPUTADOS QUE DETALLA EN ANEXO, CORRESPONDIENTES AL AÑO 2012, ART. 52 DEL REGLAMENTO DE LA LEGISLATURA DE LA CIUDAD DE BUENOS AIRES,Información político-institucional,Secretaria Legal y Tecnica,SECLYT,2013-11-12,,,Finalizado en término,En término,2013-11-07
814,"Expected 14 columns, found 16 columns",245,6145066,MGEYA,2013-10-31,DATOS VARIOS SOBRE CANTIDAD DE ALUMNOS/AS INSCRIPTOS/AS EN LOS CENTROS DE PRIMERA INFANCIA CORRESPONDIENTES A LOS CICLOS LECTIVOS 2010, 2011, 2012,Informes,DGTAL,Desarrollo Social,2013-11-14,2013-11-29,Si,Finalizado fuera de término,Fuera de término,2013-12-17
817,"Expected 14 columns, found 17 columns",245,6139153,MGEYA,2013-10-31,DATOS VARIOS SOBRE OBRAS QUE EL INSTITUTO DE LA VIVIENDA DE LA CIUDAD SE ENCUENTRA EJECUTANDO EN RAMON CARRILLO  (DELIMITADO POR AV. RIESTRA, AV. CASTAÑARES, MARIANO ACOSTA, AUTOPISTA H.CAMPORA),Inversión social,IVC,Desarrollo Económico,2013-11-14,,,Finalizado fuera de término,Fuera de término,2013-12-10
818,"Expected 14 columns, found 17 columns",245,6139340,MGEYA,2013-10-31,DATOS VARIOS SOBRE OBRAS QUE EL INSTITUTO DE LA VIVIENDA DE LA CIUDAD SE ENCUENTRA EJECUTANDO EN RAMON CARRILLO  (DELIMITADO POR AV. RIESTRA, AV. CASTAÑARES, MARIANO ACOSTA, AUTOPISTA H.CAMPORA),Inversión social,IVC,Desarrollo Económico,2013-11-14,,,Finalizado en término,Fuera de término,2013-12-23
819,"Expected 14 columns, found 18 columns",245,6139492,MGEYA,2013-10-31,DATOS VARIOS SOBRE OBRAS QUE EL INSTITUTO DE LA VIVIENDA DE LA CIUDAD SE ENCUENTRA EJECUTANDO EN ZAVALETA (AV. A. ALCORTA, C/S NOMBRE, AV. ZAVALETA, AV. IRIARTE, CEAMSE),Inversión social,IVC,Desarrollo Económico,2013-11-14,,,Finalizado fuera de término,Fuera de término,2013-12-10
820,"Expected 14 columns, found 19 columns",245,6139737,MGEYA,2013-10-31,DATOS VARIOS SOBRE OBRAS QUE EL INSTITUTO DE LA VIVIENDA DE LA CIUDAD SE ENCUENTRA EJECUTANDO EN VILLA 21-24 (DELIMITADA POR LUNA, RIACHUELO, IGUAZU, C.S/NOMBRE, IRIARTE, FF. BELGRANO),Inversión social,IVC,Desarrollo Económico,2013-11-14,,,Finalizado fuera de término,Fuera de término,2013-12-10
821,"Expected 14 columns, found 19 columns",245,6139882,MGEYA,2013-10-31,DATOS VARIOS SOBRE OBRAS QUE EL INSTITUTO DE LA VIVIENDA DE LA CIUDAD SE ENCUENTRA EJECUTANDO EN VILLA 20 (DELIMITADA POR AV. CRUZ, LARRAYA, B Y ORDOÑEZ, MIRALLA, FF. BELGRANO, AV. ESCALADA),Inversión social,IVC,Desarrollo Económico,2013-11-14,,,Finalizado fuera de término,Fuera de término,2013-12-10
822,"Expected 14 columns, found 17 columns",245,6140161,MGEYA,2013-10-31,DATOS VARIOS SOBRE OBRAS QUE EL INSTITUTO DE LA VIVIENDA DE LA CIUDAD SE ENCUENTRA EJECUTANDO EN VILLA 15 (DELIMITADA POR AV. PIEDRABUENA, AV. EVA PERON, M.LEGUIZAMON Y RUCCI, CRISOSTOMO ALVAREZ),Inversión social,IVC,Desarrollo Económico,2013-11-14,,,Finalizado fuera de término,Fuera de término,2013-12-10
823,"Expected 14 columns, found 18 columns",245,6140458,MGEYA,2013-10-31,DATOS VARIOS SOBRE OBRAS QUE EL INSTITUTO DE LA VIVIENDA DE LA CIUDAD SE ENCUENTRA EJECUTANDO EN VILLA 3, FATIMA (DELIMITADA POR AV. M. ACOSTA, SOMELLERA, LACARRA, A.M. JANER),Inversión social,IVC,Desarrollo Económico,2013-11-14,,,Finalizado fuera de término,Fuera de término,2013-12-10
824,"Expected 14 columns, found 18 columns",245,6140598,MGEYA,2013-10-31,DATOS VARIOS SOBRE OBRAS QUE EL INSTITUTO DE LA VIVIENDA DE LA CIUDAD SE ENCUENTRA EJECUTANDO EN VILLA 1-11-14 (DELIMITADA POR AV. P. MORENO, VARELA, CLUB DAOM, RIESTRA, AV. DE VEDIA),Inversión social,IVC,Desarrollo Económico,2013-11-14,,,Finalizado fuera de término,Fuera de término,2014-12-10
826,"Expected 14 columns, found 16 columns",245,6145886,MGEYA,2013-10-31,DATOS VARIOS SOBRE MODALIDAD DE CONVOCATORIA PARA LA POSTULACION DE ORGANIZACIONES DE LA SOCIEDAD CIVIL CON INTERES EN ADMINISTRAR EL CENTRO DE PRIMERA INFANCIA (CPI) DE LA MANZANA 5, BARRIO FATIMA, VILLA SOLDATI,Informes,DGTAL,Desarrollo Social,2013-11-14,2013-11-29,Si,Finalizado fuera de término,Fuera de término,2013-12-17
829,"Expected 14 columns, found 16 columns",245,6181462,MGEYA,2013-11-01,DATOS VARIOS SOBRE CONVENIOS, EN CUANTO A LAS OBRAS LLEVADAS A CABO Y POR REALIZAR, EN EL SECTOR PLAYON ESTE DEL BARRIO 31 CARLOS MUGICA,Normativa,SECHI,Desarrollo Económico,2013-11-15,,,Finalizado en término,En término,2013-11-13
830,"Expected 14 columns, found 15 columns",245,6225441,MGEYA,2013-11-04,DATOS VARIOS REFERIDO A ESTADISTICAS ACERCA DE ALUMNOS MATRICULADOS Y TOTAL DE INSCRIPTOS EN PLAN DE EDUCACION ADULTOS, QUE SE ECUENTRA BAJO LA ORBITA DE LA DIRECCION GENERAL DE EDUCACION,Informes,DGCLEI,Educación,2013-11-18,2013-12-04,Si,Finalizado fuera de término,Fuera de término,2013-12-27
837,"Expected 14 columns, found 15 columns",245,6291735,MGEYA,2013-11-06,INFORME SI HAN TENIDO ALGUN TIPO DE RECLAMO EN REFERENCIA A LA VEREDA ROTA SITO EN CALLE FITZ ROY 1127, DURANTE EL MES DE MARZO,Actuaciones/ Denuncias/ Reclamos,SS Mantenimiento del Espacio Publico,Ambiente y Espacio Público,2013-11-20,,,Finalizado fuera de término,Fuera de término,2014-01-07
839,"Expected 14 columns, found 15 columns",245,6310746,MGEYA,2013-11-07,REFERENTE AL EX. 5646801/2013, REITERA POR FALTA DE INFORMACION (HABILITACION LOCAL SITO EN ESTADOS UNIDOS 302/308),AGC,DGHYP,AGC,2013-11-21,,,Finalizado en término,En término,2013-11-20
844,"Expected 14 columns, found 15 columns",245,6349129,MGEYA,2013-11-08,INDIQUE CUANTAS CAMAS DEL HOSPITAL ESTAN DESTINADAS PARA USUARIOS DE LOS SERVICIOS DE SALUD MENTAL, Y EL NUMERO DE CAMAS ACTUALMENTE OCUPADAS HOSPITAL ALVEAR,Inversión social,DGLYT,Salud,2013-11-22,2013-12-10,Si,Finalizado fuera de término,Fuera de término,2014-04-03
845,"Expected 14 columns, found 20 columns",245,6349476,MGEYA,2013-11-08,CANTIDAD DE USUARIOS AMBULATORIOS QUE ATENDIO EL CENTRO DE SALUD MENTAL EN LOS AÑOS 2006, 2007, 2008, 2009, 2010, 2011, 2012 Y 2013,Inversión social,DGLYT,Salud,2013-11-22,,,Pendiente fuera de término,,
848,"Expected 14 columns, found 20 columns",245,6350308,MGEYA,2013-11-08,INDIQUE LA CANTIDAD DE USUARIOS AMBULATORIOS QUE ATENDIO EL CENTRO DE SALUD MENTAL EN LOS AÑOS 2006, 2007, 2008, 2009, 2010, 2011, 2012 Y 2013 HOSPITAL AMEGHINO,Inversión social,DGLYT,Salud,2013-11-22,,,Pendiente fuera de término,,
853,"Expected 14 columns, found 15 columns",245,6405226,MGEYA,2013-11-11,COPIA DEL DICTAMEN CONFECCIONADO POR LA PROCURACION GENERAL DE LA CIUDAD, EN RELACION AL RECLAMO  OPORTUNAMENTE REALIZADO MEDIANTE EX. 2642088/2012,Actuaciones/ Denuncias/ Reclamos,Procuración General de la Ciudad,Procuración General de la CABA,2013-11-26,,,Finalizado en término,En término,2013-11-15
855,"Expected 14 columns, found 18 columns",245,6405549,MGEYA,2013-11-11,ESPECIFIQUE LA NORMATIVA QUE PERMITA LA UTILIZACION DE LA DENOMINACION OFICIAL 'CIUDAD DEL ROCK', PARA REFERIRSE AL PREDIO DELIMITADO POR EL POLIGONO DE CALLES F.F DE LA CRUZ, ESCALADA, AV ROCA, AU PRES. H.J CAMPORA DE ESTA CIUDAD,Normativa,DGTAL,Desarrollo Económico,2013-11-26,,,Pendiente fuera de término,,
857,"Expected 14 columns, found 15 columns",245,6406022,MGEYA,2013-11-11,COPIA DEL PROYECTO ELABORADO, AL QUE SE HACE REREFERENCIA EN EL PUNTO 1 DEL INFORME IF-2013-5144600-DGALUM ENCLUIDO A FS. 9 DEL EX. 869157-2012,Actuaciones/ Denuncias/ Reclamos,DG Alumbrado,Ambiente y Espacio Público,2013-11-26,,,Finalizado en término,En término,2013-10-11
858,"Expected 14 columns, found 16 columns",245,6406063,MGEYA,2013-11-11,LISTADO DE AUDIENCIAS PUBLICAS LLEVADAS A CABO EN EL MARCO DE LAS LEYES 6 Y 123, DESDE EL 1° DE NOVIEMBRE DE 2008 AL 31 DE OCTUBRE DE 2013, CON MOTIVO DE COMPRAS Y CONTRATACIONES,Informes,APRA,APRA,2013-11-26,2013-12-11,Si,Finalizado fuera de término,Fuera de término,2014-01-17
859,"Expected 14 columns, found 15 columns",245,6403947,MGEYA,2013-11-11,HABILITACION, PERMISOS Y/O RESPONSABLES DEL LOCAL SITO EN LA CALLE ACASSUSO 6486/6490 Y ESQUINA CALLE CAFAYATE ,Habilitaciones,DGHYP,AGC,2013-11-26,,,Finalizado en término,En término,2013-11-22
862,"Expected 14 columns, found 15 columns",245,6436981,MGEYA,2013-11-12,INFORMACION DE CONSTRUCCION DE UNA TORRE DE 25 PISOS EN LA CALLE ARCOS 2560 ESQ. ROOSEVELT, PROYECTADA POR MIRABILIA,Permisos de obra,DGROC,Desarrollo Urbano,2013-11-27,,,Finalizado fuera de término,Fuera de término,2013-12-16
864,"Expected 14 columns, found 17 columns",245,6474623,MGEYA,2013-11-13,PERMISO DE USO Y DESALOJO ADMINISTRATIVO DEL PREDIO UBICADO EN LA FRACCION COMPRENDIDA POR LA AV. DORREGO, CORONEL MARCELINO FREYRE, AV. DEL LIBERTADOR Y VIAS DEL FERROCARRIL  GENERAL BARTOLOME MITRE, OCUPAD POR LA FIRMA HIPODROMO ARGENTINO DE PALERMO S.A,Concesiones/ Permisos de uso,DG Concesiones,Desarrollo Económico,2013-11-28,2013-12-13,Si,Pendiente en término,En término,2013-11-26
872,"Expected 14 columns, found 15 columns",245,6465864,MGEYA,2013-11-13,REGLAMENTACION O NORMAS DONDE CONTENGA QUE TIPOS DE SEMAFOROS SE INSTALAN EN ESTA CIUDAD, QUE CONDICIONES DEL LUGAR SE DEBE TENER EN CUENTA PARA DICHA INSTALACION Y CUALES SON LAS FORMAS DE SU EMPLEO,Normativa,SS Transporte,Jefatura de Gabinete de Ministros,2013-11-28,,,Pendiente fuera de término,,
875,"Expected 14 columns, found 15 columns",245,6502228,MGEYA,2013-11-14,CANTIDAD DE DOCENTES JUBILADOS DURANTE EL AÑO 2012, ESPECIFICANDO A QUE AREA Y NIVEL PERTENECEN,RRHH,SS Gestión de Recursos Humanos,Modernización,2013-11-29,,,Pendiente fuera de término,,
876,"Expected 14 columns, found 22 columns",245,6540259,MGEYA,2013-11-15,HABILITACION DE CANCHAS DE PADDLE VIDRIADAS, PALESTRA DE ESCALADA, MINIESTADIO DE ARENA, PISTA DE CICLISMO DE RUTA, PARQUE DE RAMPAS PARA PATINETAS, CENTRO ESPECIALIZADO EN REHABILITACION DEPORTIVA, ESCUELA DE HOCKEY SUBACUATICO Y WATERPOLO, CANCHAS DE BOCHA Y TEJO, CANCHAS DE FUTBOL SINTETICO,Habilitaciones,SS Deportes,Desarrollo Económico,2013-12-02,,,Finalizado fuera de término,Fuera de término,2013-12-17
879,"Expected 14 columns, found 15 columns",245,6537419,MGEYA,2013-11-15,DATOS VARIOS SOBRE OBRA QUE SE LLEVA A CABO EN LA CALLE BESARES 1731, DE USO ' VIVIENDA UNIFAMILIAR',Permisos de obra,DGROC,Desarrollo Urbano,2013-12-02,,,Finalizado en término,En término,2013-12-02
887,"Expected 14 columns, found 16 columns",245,6613555,MGEYA,2013-11-19,BASE CON EL DETALLE DE CONSULTAS, RECLAMOS, INICIO DE TRAMITES O PEDIDOS DE INFORMACION DE TODAS LAS GESTIONES CANALIZADAS ATRAVES DE 'BA147' EN SUS DISTINTOS CANALES DE COMUNICACION,Informes,Secretaria de Gestion Comunal y Atencion Ciudadana,Secretaría de Gestión Comunal y Atención Ciudadana,2013-12-05,,,Finalizado fuera de término,Fuera de término,2014-01-03
897,"Expected 14 columns, found 15 columns",245,6721816,MGEYA,2013-11-22,HABILITACION Y/O PERMISOS CONCEDIDOS O EN TRAMITE, PARA EL DESARROLLO DE ACTIVIDADES COMERCIALES SITO EN BARZANA 1055 PB. 2,Habilitaciones,DGHYP,AGC,2013-12-10,,,Finalizado en término,En término,2013-11-28
902,"Expected 14 columns, found 15 columns",245,6795067,MGEYA,2013-11-27,DATOS VARIOS SOBRE EL ASESINATO DEL JOVEN LUCAS DANIEL SORIA, EN LA INTERSECCION DE LAS CALLES DELLEPIANE Y ESCALADA,Informes,DGAL Policía Metropolitana,Justicia y Seguridad,2013-12-12,,,Finalizado fuera de término,Fuera de término,2013-12-13
906,"Expected 14 columns, found 18 columns",245,6829220,MGEYA,2013-11-28,REITERA EX. 6140598 (DATOS VARIOS SOBRE OBRAS QUE EL INSTITUTO DE LA VIVIENDA DE LA CIUDAD SE ENCUENTRA EJECUTANDO EN VILLA 1-11-14 (DELIMITADA POR AV. P. MORENO, VARELA, CLUB DAOM, RIESTRA, AV. DE VEDIA)),Actuaciones/ Denuncias/ Reclamos,IVC,Desarrollo Económico,2013-12-13,,,Finalizado en término,En término,2013-12-10
907,"Expected 14 columns, found 19 columns",245,6829449,MGEYA,2013-11-28,REITERA EX. 6139737 (DATOS VARIOS SOBRE OBRAS QUE EL INSTITUTO DE LA VIVIENDA DE LA CIUDAD SE ENCUENTRA EJECUTANDO EN VILLA 21-24 (DELIMITADA POR LUNA, RIACHUELO, IGUAZU, C.S/NOMBRE, IRIARTE, FF. BELGRANO)),Actuaciones/ Denuncias/ Reclamos,IVC,Desarrollo Económico,2013-12-13,,,Finalizado en término,En término,2013-12-10
908,"Expected 14 columns, found 19 columns",245,6829643,MGEYA,2013-11-28,REITERA EX. 6139882 (DATOS VARIOS SOBRE OBRAS QUE EL INSTITUTO DE LA VIVIENDA DE LA CIUDAD SE ENCUENTRA EJECUTANDO EN VILLA 20 (DELIMITADA POR AV. CRUZ, LARRAYA, B Y ORDOÑEZ, MIRALLA, FF. BELGRANO, AV. ESCALADA)),Actuaciones/ Denuncias/ Reclamos,IVC,Desarrollo Económico,2013-12-13,,,Finalizado en término,En término,2013-12-10
909,"Expected 14 columns, found 17 columns",245,6829921,MGEYA,2013-11-28,REITERA EX. 6140161 (DATOS VARIOS SOBRE OBRAS QUE EL INSTITUTO DE LA VIVIENDA DE LA CIUDAD SE ENCUENTRA EJECUTANDO EN VILLA 15 (DELIMITADA POR AV. PIEDRABUENA, AV. EVA PERON, M.LEGUIZAMON Y RUCCI, CRISOSTOMO ALVAREZ)),Actuaciones/ Denuncias/ Reclamos,IVC,Desarrollo Económico,2013-12-13,,,Finalizado en término,En término,2013-12-10
910,"Expected 14 columns, found 18 columns",245,6830242,MGEYA,2013-11-28,REITERA EX. 6140458 (DATOS VARIOS SOBRE OBRAS QUE EL INSTITUTO DE LA VIVIENDA DE LA CIUDAD SE ENCUENTRA EJECUTANDO EN VILLA 3, FATIMA (DELIMITADA POR AV. M. ACOSTA, SOMELLERA, LACARRA, A.M. JANER)),Actuaciones/ Denuncias/ Reclamos,IVC,Desarrollo Económico,2013-12-13,,,Finalizado en término,En término,2013-12-10
911,"Expected 14 columns, found 18 columns",245,6830468,MGEYA,2013-11-28,REITERA EX. 6139492 (DATOS VARIOS SOBRE OBRAS QUE EL INSTITUTO DE LA VIVIENDA DE LA CIUDAD SE ENCUENTRA EJECUTANDO EN ZAVALETA (AV. A. ALCORTA, C/S NOMBRE, AV. ZAVALETA, AV. IRIARTE, CEAMSE)),Actuaciones/ Denuncias/ Reclamos,IVC,Desarrollo Económico,2013-12-13,,,Finalizado en término,En término,2013-12-10
912,"Expected 14 columns, found 17 columns",245,6830739,MGEYA,2013-11-28,REITERA EX. 6139340 (DATOS VARIOS SOBRE OBRAS QUE EL INSTITUTO DE LA VIVIENDA DE LA CIUDAD SE ENCUENTRA EJECUTANDO EN RAMON CARRILLO (DELIMITADO POR AV. RIESTRA, AV. CASTAÑARES, MARIANO ACOSTA, AUTOPISTA H.CAMPORA)),Actuaciones/ Denuncias/ Reclamos,IVC,Desarrollo Económico,2013-12-13,2013-12-30,Si,Finalizado en término,En término,2013-12-23
916,"Expected 14 columns, found 15 columns",245,6825422,MGEYA,2013-11-28,FONDOS PRESUPUESTARIOS DESTINADOS A LA PUBLICIDAD OFICIAL ASIGNADOS A SU MINISTERIO, EN EL AÑO 2013 Y HASTA LA RECEPCION,Presupuesto,DGTAL,Desarrollo Social,2013-12-13,,,Finalizado fuera de término,Fuera de término,2014-01-14
917,"Expected 14 columns, found 15 columns",245,6825918,MGEYA,2013-11-28,FONDOS PRESUPUESTARIOS DESTINADOS A LA PUBLICIDAD OFICIAL ASIGNADOS A SU MINISTERIO, EN EL AÑO 2013 Y HASTA LA RECEPCION,Presupuesto,DGTAL,Jefatura de Gabinete de Ministros,2013-12-13,2013-12-30,Si,Finalizado fuera de término,Fuera de término,2013-01-17
918,"Expected 14 columns, found 15 columns",245,6826130,MGEYA,2013-11-28,FONDOS PRESUPUESTARIOS DESTINADOS A LA PUBLICIDAD OFICIAL ASIGNADOS A SU MINISTERIO, EN EL AÑO 2013 Y HASTA LA RECEPCION,Presupuesto,DGTAL,Gobierno,2013-12-13,,,Finalizado en término,En término,2013-12-13
919,"Expected 14 columns, found 15 columns",245,6826354,MGEYA,2013-11-28,FONDOS PRESUPUESTARIOS DESTINADOS A LA PUBLICIDAD OFICIAL ASIGNADOS A SU MINISTERIO, EN EL AÑO 2013 Y HASTA LA RECEPCION,Presupuesto,DGTAL,Justicia y Seguridad,2013-12-13,,,Finalizado fuera de término,Fuera de término,2013-12-19
920,"Expected 14 columns, found 15 columns",245,6834925,MGEYA,2013-11-28,FONDOS PRESUPUESTARIOS DESTINADOS A LA PUBLICIDAD OFICIAL ASIGNADOS A SU MINISTERIO, EN EL AÑO 2013 Y HASTA LA RECEPCION,Presupuesto,DGLYT,Salud,2013-12-13,,,Pendiente fuera de término,,
921,"Expected 14 columns, found 15 columns",245,6835512,MGEYA,2013-11-28,FONDOS PRESUPUESTARIOS DESTINADOS A LA PUBLICIDAD OFICIAL ASIGNADOS A SU MINISTERIO, EN EL AÑO 2013 Y HASTA LA RECEPCION,Presupuesto,DGTAL,Cultura,2013-12-13,2013-12-30,Si,Finalizado en término,En término,2014-02-21
922,"Expected 14 columns, found 15 columns",245,6835936,MGEYA,2013-11-28,FONDOS PRESUPUESTARIOS DESTINADOS A LA PUBLICIDAD OFICIAL ASIGNADOS A SU MINISTERIO, EN EL AÑO 2013 Y HASTA LA RECEPCION,Presupuesto,DGCLEI,Educación,2013-12-13,,,Pendiente fuera de término,,
923,"Expected 14 columns, found 15 columns",245,6836451,MGEYA,2013-11-28,FONDOS PRESUPUESTARIOS DESTINADOS A LA PUBLICIDAD OFICIAL ASIGNADOS A SU MINISTERIO, EN EL AÑO 2013 Y HASTA LA RECEPCION,Presupuesto,Secretaria de Comunicación Social,Secretaria de Comunicación Social,2013-12-13,2013-12-30,Si,Finalizado fuera de término,Fuera de término,2013-01-13
924,"Expected 14 columns, found 15 columns",245,6860026,MGEYA,2013-11-29,EX. 824.171/MGEYA/2013  Y EX 1163096/2012, RELACIONADO CON LA HABILITACION DEL ESTADIO DEPORTIVO DE CLUB ALMAGRO,Actuaciones/ Denuncias/ Reclamos,DGTAL,Cultura,2013-12-16,2013-01-02,Si,Finalizado en término,En término,2013-12-12
925,"Expected 14 columns, found 15 columns",245,6861663,MGEYA,2013-11-29,CONVENIOS VIGENTES FIRMADOS ENTRA LA UGIS Y COOPERATIVAS QUE REALIZAN TAREAS DE RECOLECCION Y/O BARRIDO, LIMPIEZA O CUALQUIER TAREA DE HIGIENE EN VILLAS DE LA CIUDAD,Informes,UGIS,Desarrollo Económico,2013-12-16,,,Finalizado en término,En término,2013-12-09
927,"Expected 14 columns, found 15 columns",245,6861435,MGEYA,2013-11-29,DATOS VARIOS SOBRE ESPACIO PUBLICO DENOMINADO 'PARQUE DE LOS HUERFANOS' SITUADO EN LA MANZANA II, ENTRE MIRALLA Y ORDOÑEZ DE LA VILLA 20,Informes,SECHI,Desarrollo Económico,2013-12-16,,,Finalizado en término,En término,2013-12-02
930,"Expected 14 columns, found 16 columns",245,6897921,MGEYA,2013-12-02,REITERA EX. 4650876 (INFORME LA CANTIDAD Y FECHA DE CENSOS A FERIANTES, REALIZADOS ENTRE ENERO DEL 2012 Y HASTA LA FECHA DE RECEPCION DE LA PRESENTA PARA LA CALLE DEFENSA, ESPECIFICAMENTE PARA LA NUMERACION 699/756),Actuaciones/ Denuncias/ Reclamos,DG de Ferias y Mercados,Ambiente y Espacio Público,2013-12-17,,,Pendiente fuera de término,,
935,"Expected 14 columns, found 16 columns",245,6920329,MGEYA,2013-12-04,SI SE LLEVO A CABO EL DESALOJO PREVISTO EN EL DECRETO 1538/2008 EN EL PREDIO UBICADO EN LAS CALLES MONTIEL 4061, 2 DE ABRIL 1982 Nº 6798 Y 6834, GOLETA DE SANTA CRUZ S/N Y VIA PUBLICA S/N,Informes,DGTAL,Salud,2013-12-18,,,Pendiente fuera de término,,
939,"Expected 14 columns, found 15 columns",245,6924756,MGEYA,2013-12-04,DATOS VARIOS SOBRE VILLAS, ASENTAMIENTOS Y NHTS DE LA CIUDAD AUTONOMA DE BUENOS AIRES,Informes,DGTAL,Desarrollo Económico,2013-12-18,,,Finalizado fuera de término,Fuera de término,2014-01-03
943,"Expected 14 columns, found 15 columns",245,6957948,MGEYA,2013-12-05,ITINERARIO QUE CUMPLIO EL VEHICULO-UTILITARIO-IDENTIFICADO BAJO EL DOMINIO KZM 813, ENTRE LAS 00.00HS Y LAS 03 DEL DIA 04/12/2013. PLIEGOS DEL SERVICIO DE RECOLECCIÓN DE RESIDUOS Y BARRIDO Y LIMPIEZA.,Informes,SS Higiene Urbana,Ambiente y Espacio Público,2013-12-19,,,Pendiente fuera de término,,
961,"Expected 14 columns, found 15 columns",245,7146512,MGEYA,2013-12-12,COPIA DE ACTOS ADMINISTRATIVOS POR LOS CUALES SE PRORROGO Y/O AMPLIO, A FAVOR DE LA EMPRESA  SADMITEC SA-CONSTRUCTURA LANUSSE SA UTE RELATIVA AL MANTENIMIENTO Y LIMPIEZA DEL HOSPITAL GENERAL DE AGUDOS 'T. ALVAREZ',Concesiones/ Permisos de uso,DGLYT,Salud,2013-12-27,,,Finalizado fuera de término,Fuera de término,2014-01-09
963,"Expected 14 columns, found 15 columns",245,7178136,MGEYA,2013-12-13,PERMISOS OTORGADOS POR LOS ACTOS REALIZADOS EN EL PARQUE LEZAMA EL 17/11 Y EL 24/11, Y REQUERIMIENTOS Y OBLIGACIONES QUE CONLLEVEN CONTINUAMENTE PARA USO DEL ANFITEATRO SOBRE CALLE BRASIL,Habilitaciones,DG Ordenamiento del Espacio Publico,Ambiente y Espacio Público,2013-12-30,,,Finalizado en término,En término,2013-12-26
967,"Expected 14 columns, found 16 columns",245,7173376,MGEYA,2013-12-13,DICTAMEN/ES OBLIGATORIO/S PREVIOS AL DICTADO DEL/LOS ACTOS ADMINISTRATIVOS POR LOS CUALES SE PRORROGO Y/O AMPLIO, A FAVOR DE LA EMPRESA SADMITEC SA-CONSTRUCTORA LANUSSE SA UTE, RELATIVA AL MANTENIMIENTO Y LIMPIEZA DEL HOSPITAL GENERAL DE AGUDOS 'T.ALVAREZ',Normativa,Procuración General de la Ciudad,Procuración General de la CABA,2013-12-30,,,Finalizado fuera de término,Fuera de término,2014-01-14
971,"Expected 14 columns, found 15 columns",245,7385292,MGEYA,2013-12-26,REITERA EX. 6861663/2013 (CONVENIOS VIGENTES FIRMADOS ENTRA LA UGIS Y COOPERATIVAS QUE REALIZAN TAREAS DE RECOLECCION Y/O BARRIDO, LIMPIEZA O CUALQUIER TAREA DE HIGIENE EN VILLAS DE LA CIUDAD),Actuaciones/ Denuncias/ Reclamos,UGIS,Desarrollo Económico,2014-01-14,,,Pendiente fuera de término,,
972,"Expected 14 columns, found 15 columns",245,7385715,MGEYA,2013-12-26,REITERA EX. 6861435/2013 (DATOS VARIOS SOBRE ESPACIO PUBLICO DENOMINADO 'PARQUE DE LOS HUERFANOS' SITUADO EN LA MANZANA II, ENTRE MIRALLA Y ORDOÑEZ DE LA VILLA 20),Actuaciones/ Denuncias/ Reclamos,UGIS,Desarrollo Económico,2014-01-14,,,Finalizado fuera de término,Fuera de término,2014-02-03
973,"Expected 14 columns, found 15 columns",245,7386013,MGEYA,2013-12-26,REITERA EX. 6924756/2013 (DATOS VARIOS SOBRE VILLAS, ASENTAMIENTOS Y NHTS DE LA CIUDAD AUTONOMA DE BUENOS AIRES),Actuaciones/ Denuncias/ Reclamos,DGTAL,Desarrollo Económico,2014-01-14,,,Finalizado en término,En término,2014-01-03
980,"Expected 14 columns, found 20 columns",245,7441297,MGEYA,2013-12-27,REITERA EX. 6349476/2013 (CANTIDAD DE USUARIOS AMBULATORIOS QUE ATENDIO EL CENTRO DE SALUD MENTAL EN LOS AÑOS 2006, 2007, 2008, 2009, 2010, 2011, 2012 Y 2013),Actuaciones/ Denuncias/ Reclamos,DGTAL,Salud,2014-01-15,,,Pendiente fuera de término,,
983,"Expected 14 columns, found 20 columns",245,7441874,MGEYA,2013-12-27,REITERA EX. 6350308/2013 (INDIQUE LA CANTIDAD DE USUARIOS AMBULATORIOS QUE ATENDIO EL CENTRO DE SALUD MENTAL EN LOS AÑOS 2006, 2007, 2008, 2009, 2010, 2011, 2012 Y 2013 HOSPITAL AMEGHINO),Actuaciones/ Denuncias/ Reclamos,DGTAL,Salud,2014-01-15,,,Pendiente fuera de término,,
984,"Expected 14 columns, found 15 columns",245,7442045,MGEYA,2013-12-27,REITERA EX. 6349129/2013 (INDIQUE CUANTAS CAMAS DEL HOSPITAL ESTAN DESTINADAS PARA USUARIOS DE LOS SERVICIOS DE SALUD MENTAL, Y EL NUMERO DE CAMAS ACTUALMENTE OCUPADAS HOSPITAL ALVEAR),Actuaciones/ Denuncias/ Reclamos,DGTAL,Salud,2014-01-15,,,Finalizado en término,En término,2014-01-03
992,"Expected 14 columns, found 15 columns",247,1843952,MGEYA,2013-05-20,PRESUPUESTO EDUCATIVO , EN PARTICULAR LOS SUBSIDIOS ENTREGADOS DURANTE EL 2012 A LA EDUCACION PRIVADA,Presupuesto,DGCLEI,Educación,2013-06-03,,,Pendiente fuera de término,,
993,"Expected 14 columns, found 15 columns",247,1844356,MGEYA,2013-05-20,PRESUPUESTO EDUCATIVO , EN PARTICULAR LOS SUBSIDIOS ENTREGADOS DURANTE EL 2012 A LA EDUCACION PRIVADA,Presupuesto,DGCLEI,Educación,2013-06-03,,,Pendiente fuera de término,,
995,"Expected 14 columns, found 15 columns",249,3012397,MGEYA,2013-07-12,NORMA, RESOLUCION O DOCUMENTACION SE HA DADO INICIO AL PROCESO DE IMPLEMENTACION DEL 'BACHILLERATO INTERNACIONAL' EN DIVERSOS COLEGIOS PUBLICOS,Normativa,DGCLEI,Educación,2013-07-26,2013-08-09,Si,Finalizado fuera de término,Fuera de término,2013-08-14
998,"Expected 14 columns, found 15 columns",251,2851848,MGEYA,2013-07-04,DATOS VARIOS SOBRE ENFERMEROS, RESIDENTES Y CONCURRENTES EN HOSPITALES PUBLICOS,RRHH,SS Gestion RRHH,Modernización,2013-07-19,,,Finalizado fuera de término,Fuera de término,2013-09-12
1004,"Expected 14 columns, found 15 columns",255,2822167,MGEYA,2013-07-04,SI ESTA PREVISTO EL TENDIDO DE LOS CAÑOS DE AGUA POTABLE, DE CLOACAS Y LA CONEXIÓN CORRESPONDIENTE EN BARRIO RAMON CARRILLO,Políticas públicas,SECHI,Desarrollo Económico,2013-07-19,,,Finalizado fuera de término,Fuera de término,2013-09-09
1007,"Expected 14 columns, found 15 columns",258,1390917,MGEYA,2013-04-23,VISTA DE EX.2407265/2011 CORRESPONDIENET A LA OBRA CORREA 2260, CON OBJETO DE SABER EL NOMBRE E LA EMPRESA CONSTRUCTORA QUE SE ENCUENTRA HABILITADA PARA LA REALIZACION DE DICHA OBRA.,Permisos de obra,DGROC,Desarrollo Urbano,2013-05-08,,,Finalizado fuera de término,Fuera de término,2013-05-10
1009,"Expected 14 columns, found 15 columns",260,2757118,MGEYA,2013-07-01,SOLICITA RESPUESTA A SU RECLAMO EX 1605644/13 DG CEMENTERIOS ASCENSORES SIN FUNCIONAR, LICITACIÓN POR REPARACIONES,Actuaciones/ Denuncias/ Reclamos,DGTAL,Ambiente y Espacio Público,2013-07-16,,,Finalizado fuera de término,Fuera de término,2013-08-26
1015,"Expected 14 columns, found 16 columns",265,1293430,MGEYA,2013-04-18,CERTIFICADO DE CONSERVACION DE EDIFICIO, INFORME TECNICO DEL PROFESIONAL HAILITADO, INFORME TECNICO EN SOPORTE MAGNETICO DE EDIFICIO SITO EN AV CORRIENTES 2593/99,Informes,DGROC,Desarrollo Urbano,2013-05-03,,,Finalizado fuera de término,Fuera de término,2013-05-16
1034,"Expected 14 columns, found 18 columns",280,230109,MGEYA,2013-01-17,DATOS VARIOS SUBTES LINEAS A,C,D,E,H ,Información político-institucional,SBASE,Desarrollo Urbano,2013-02-01,,,Finalizado fuera de término,Fuera de término,2013-06-10
1040,"Expected 14 columns, found 15 columns",280,3509141,MGEYA,2013-08-05,INFORME EL GRADO DE AVANCE DE LAS OBRAS PREVISTAS PARA EL 2013 PARA LA AMPLIACION DE LOS CENTROS VERDES FLORES I Y FLORES II, UBICADOS EN VARELA Y JANNER Y EN VARELA Y CHILAVERT,Obras públicas,DGTAL,Ambiente y Espacio Público,2013-08-16,,,Pendiente fuera de término,,
1041,"Expected 14 columns, found 15 columns",281,735442,MGEYA,2013-03-05,OBRA EN CONSTRUCCION SITA AV. CARABOBO N° 56, SI EN ESTE MOMENTO SE ENCUENTRA HABILITADA,Permisos de obra,DGROC,Desarrollo Urbano,2013-03-19,,,Finalizado fuera de término,Fuera de término,2013-03-20
1045,"Expected 14 columns, found 15 columns",284,2401137,MGEYA,2013-06-12,CURRICULARES UTILIZADOS EN EDUCACION VIAL EN JARDIN DE INFANTES, PRIMARIA Y SECUNDARIA.,Políticas públicas,DGCLEI,Educación,2013-06-28,,,Pendiente fuera de término,,
1048,"Expected 14 columns, found 15 columns",286,1275818,MGEYA,2013-04-17,DENUNCIAS FORMALES QUE SE REALIZARON EN 2011,2012 Y 2013 A LA SUBSECRETARIA DE DEFENSA AL CONSUMIDOR,Informes,DG Defensa y Proteccion al Consumidor,Secretaría de Gestión Comunal y Atención Ciudadana,2013-04-30,,,Pendiente fuera de término,,
1050,"Expected 14 columns, found 15 columns",287,2991066,MGEYA,2013-07-11,EDIFICIO SITO EN CALLE CHIVILCOY 3301, SI ESTE FUE LEGADO OPORTUNAMENTE POR LA FAMILIA SANCHEZ PICADO CON UN FIN ESPECIFICO,Concesiones/ Permisos de uso,DGAB,Desarrollo Económico,2013-07-25,,,Finalizado en término,En término,2013-07-17
1052,"Expected 14 columns, found 17 columns",289,2262264,MGEYA,2013-06-06,RECAUDACION TOTAL EN AUTOPISTAS DE LA CIUDAD, AUSA EN LOS AÑOS 2010, 2011, 2012,Presupuesto,DGTAL,Desarrollo Urbano,2013-06-24,,,Finalizado en término,En término,2013-06-24
1055,"Expected 14 columns, found 17 columns",290,628690,MGEYA,2013-02-22,DATOS VARIOS SUBTERRANEOS LINEAS C, B, E, D Y PREMETRO,Políticas públicas,SBASE,Desarrollo Urbano,2013-03-08,,,Finalizado fuera de término,Fuera de término,2013-03-12
1059,"Expected 14 columns, found 17 columns",290,628690,MGEYA,2013-02-22,DATOS VARIOS SUBTERRANEOS LINEAS C, B, E, D Y PREMETRO,Políticas públicas,SBASE,Desarrollo Urbano,2013-03-08,,,Finalizado fuera de término,Fuera de término,2013-03-12
1065,"Expected 14 columns, found 15 columns",290,1725589,MGEYA,2013-05-14,REQUISITOS SOLICITADOS PARA EL OTORGAMIENTO DE UN PRESTAMO PERSONAL PARA LA ADQUISICION DE BICICLETAS. EN CASO DE REQUERIRSE GARANTIAS, INDIQUE CUALES,Informes,Banco Ciudad,Hacienda,2013-05-28,,,Finalizado fuera de término,Fuera de término,2013-06-01
1072,"Expected 14 columns, found 18 columns",290,2126768,MGEYA,2013-05-31,DETALLE DE LA EJECUCION PRESUPUESTARIA AL 30/04/2013 DE LOS PROGRAMAS 100, 105, 106, 108, 109,Presupuesto,IVC,Desarrollo Económico,2013-06-14,2013-07-02,Si,Finalizado fuera de término,Fuera de término,2013-07-04
1077,"Expected 14 columns, found 15 columns",290,2291615,MGEYA,2013-06-07,OBRAS DE RENOVACION DE LAS DARSENAS DE LOS COLECTIVOS QUE LLEGAN A LA TERMINAL DE PLAZA CONSTITUCION, FACULTAD Y RETIRO EN EL MARCO DE SU RENOVACION,Obras públicas,SS Transporte,Jefatura de Gabinete de Ministros,2013-06-25,,,Pendiente fuera de término,,
1083,"Expected 14 columns, found 15 columns",290,2451267,MGEYA,2013-06-14,GASTO TOTAL EN PUBLICIDAD Y PROPAGANDA PRESUPUESTADO, DEFINITIVO Y DEVENGADO AÑO 2012 A LA FECHA,Información político-institucional,Secretaria de Comunicación Social,Secretaria de Comunicación Social,2013-07-02,2013-07-17,Si,Finalizado fuera de término,Fuera de término,2013-07-19
1091,"Expected 14 columns, found 15 columns",290,2643010,MGEYA,2013-06-25,INDIQUE SI LA CABA CUENTA CON UN PLAN DE SALUD MENTAL. EN CASO AFIRMATIVO, REMITA UNA COPIA DEL MISMO JUNTO CON SU CORRESPONDIENTE EVALUACION,Políticas públicas,DGLYT,Salud,2013-07-10,,,Pendiente fuera de término,,
1109,"Expected 14 columns, found 17 columns",297,1100498,UAC 1,2013-04-05,AUTORIZACIÓN, EXPEDIENTE, FECHA DE VIGENCIA DE AUTORIZACIÓN, HABILITACIÓN DE CARTEL UBICADO EN VIAMONTE Y CARLOS PELLEGRINI,Concesiones/ Permisos de uso,DG Ordenamiento del Espacio Publico,Ambiente y Espacio Público,2013-04-22,,,Finalizado fuera de término,Fuera de término,2013-05-10
1117,"Expected 14 columns, found 15 columns",303,2755617,MGEYA,2013-07-01,SI SE CONFECCIONO Y PUBLICO EL INFORME ANUAL CORRESPONDIENTE AL AÑO 2012. SI NO SE REALIZO, QUE SE INFORMEN MOTIVOS,Informes,APRA,APRA,2013-07-16,2013-07-30,Si,Finalizado fuera de término,Fuera de término,2013-08-14
1122,"Expected 14 columns, found 16 columns",308,584197,MGEYA,2013-02-19,SI HAN SIDO DETECTADOS EN EL ESCENARIO DE RIEGOS BAJO, O ESCENA RIESGO MEDIO, CASOS SOSPECHOSOS Y/O CONFIRMADOS DE DENGUE.,Informes,DGLYT,Salud,2013-03-06,,,Finalizado fuera de término,Fuera de término,2013-03-12
1128,"Expected 14 columns, found 15 columns",310,1194843,MGEYA,2013-04-12,INFORME SI SE CREO EL CONJUNTO DE INSTRUMENTOS, RECOMENDADOS POR LA AUDITORIA GENERAL DE LA CIUDAD DE BUENOS AIRES SEGÚN INFORME FINAL 1334 SOBRE LA DG DE INFRAESTRUCTURA ESCOLAR,Informes,DGCLEI,Educación,2013-04-26,,,Pendiente fuera de término,,
1137,"Expected 14 columns, found 17 columns",312,537074,MGEYA,2013-02-14,DATOS VARIOS CONSEJO CONSULTIVO COMUNAL 9 (REGLAMENTO ACTUAL, ACTAS, CONVOCATORIAS, ETC.),Informes,Secretaria de Gestion Comunal y Atencion Ciudadana,Secretaría de Gestión Comunal y Atención Ciudadana,2013-03-01,,,Pendiente fuera de término,,
1138,"Expected 14 columns, found 17 columns",312,537221,MGEYA,2013-02-14,DATOS VARIOS CONSEJO CONSULTIVO COMUNAL 9 (FALTA DE CONVOCATORIA AL CONSEJO CONSULTIVO COMUNAL 9, PRESUPUESTO 2012, CANTIDAD DE PERSONAL, ETC.),Informes,Secretaria de Gestion Comunal y Atencion Ciudadana,Secretaría de Gestión Comunal y Atención Ciudadana,2013-03-01,,,Pendiente fuera de término,,
1141,"Expected 14 columns, found 15 columns",314,1217977,MGEYA,2013-04-15,EX. 1550482/2012, EDIFICIO SITO EN PIRAN 5528 APROBACION DE PLANO,Permisos de obra,DGROC,Desarrollo Urbano,2013-04-29,,,Finalizado en término,En término,2013-04-29
1145,"Expected 14 columns, found 15 columns",316,3285144,MGEYA,2013-07-25,PERMISO DE OBRA SOBRE EL BOULEVARD DE LA AV. LIDORO QUINTEROS, EN TODA SU EXTENSION DESDE AV. FIGUEROA ALCORTA HASTA AV. LIBERTADOR Y MONROE,Permisos de obra,DGTAL,Ambiente y Espacio Público,2013-08-08,,,Finalizado fuera de término,Fuera de término,2013-08-12
1148,"Expected 14 columns, found 15 columns",318,1435206,MGEYA,2013-04-25,REFERENTE AL EX.35616/09 ZONIFICACION, FOTOCOPIA Y CAPACIDAD EDIFICABLE. SI EXTISTE PLANO DE OBRA Y EN CASO AFIRMATIVO EN QUE ESTADO DE APROBACION SE ENCUENTRA,Permisos de obra,DGROC,Desarrollo Urbano,2013-05-10,,,Finalizado en término,En término,2013-05-06
1150,"Expected 14 columns, found 15 columns",320,1699602,MGEYA,2013-05-13,HABILITACION DE LOCALES DE BAILE SITO EN AV. SCALABRINI ORTIZ 1648, S.ORTIZ 1685 Y S.ORTIZ 1653/55.,Habilitaciones,DGHYP,AGC,2013-05-27,,,Finalizado en término,En término,2013-05-20
1153,"Expected 14 columns, found 15 columns",323,1962265,MGEYA,2013-05-24,SUBSIDIOS ENTREGADOS A LOS DANMIFICADOS POR LA ULTIMA INUNDACION, DETALLE MONTO TOTAL Y CUANTOS FUERON ENTREGADOS A CADA COMUNA,Presupuesto,Secretaria de Gestion Comunal y Atencion Ciudadana,Secretaría de Gestión Comunal y Atención Ciudadana,2013-06-07,,,Finalizado fuera de término,Fuera de término,2014-02-06
1154,"Expected 14 columns, found 15 columns",324,148123,MGEYA,2013-01-10,HABILITACION SIMPLE CON PLANOS EX.1148736/2011. MATERIALES CIUDAD SA, SOBRE PASEO COLON 1600 PB CABA,Habilitaciones,DGHYP,AGC,2013-01-25,,,Finalizado fuera de término,Fuera de término,2013-02-28
1156,"Expected 14 columns, found 15 columns",325,5304357,UAC 1,2013-10-08,TITULAR DEL ESTABLECIMIENTO GERIATRICO QUE FUNCIONA SITO EN CALLE VENEZUELA 2148, EN EL PERIODO JULIO/2012 Y JUNIO/2013,Habilitaciones,DGHYP,AGC,2013-10-23,,,Finalizado fuera de término,Fuera de término,2013-10-29
1162,"Expected 14 columns, found 15 columns",327,1875662,MGEYA,2013-05-21,FONDOS TRANSFERIDOS A LOS ESTABLECIMIENTOS EDUCATIVOS DE GESTION ESTATAL DE NOVEL INICIAL (ESCUELA N° 4, N°5 Y N°9),Presupuesto,DGCLEI,Educación,2013-06-04,2013-06-18,Si,Finalizado fuera de término,Fuera de término,2013-08-29
1166,"Expected 14 columns, found 17 columns",331,3233544,MGEYA,2013-07-23,COPIA DE LOS RESULTADOS DE LOS RELEVAMIENTOS REALIZADOS DE NIVELES DE DOTACION DE PERSONAL REQUERIDOS Y LOS NIVELES DE DOTACION REALES, POR MINISTERIO, REPARTICION, Y POR SECTOR DE CADA REPARTICION.,Informes,SS Gestion RRHH,Modernización,2013-08-06,2013-08-21,Si,Finalizado fuera de término,Fuera de término,2013-08-29
